timestamp,open,high,low,close,volume
1748116800000,108904.9,109090.7,107434.5,107716,1489459135.1486
1748131200000,107716,108222,107118.1,108059.5,1361678407.1413
1748145600000,108059.5,108249.7,107407.5,107631,649405997.089
1748160000000,107631,107648.6,106650.2,107200,1387949281.3995
1748174400000,107200,107708.9,106538.4,106931.9,1579906875.0236
1748188800000,106931.9,107919.8,106606.6,107679,794107065.6057
1748203200000,107679,109300,107106.5,108976.2,2103859665.4715
1748217600000,108976.2,109838,108640.7,109599.9,1712576580.7051
1748232000000,109599.9,110209.3,109331.5,110083.3,1167793762.0158
1748246400000,110083.3,110171.8,109505.7,109734.6,900266417.606
1748260800000,109734.6,110379,109423.3,109970.4,1610856185.6246
1748275200000,109970.4,110452.2,108816.5,109077.8,2014196129.3355
1748289600000,109077.8,109887.8,108900,109382.3,1297299706.5682
1748304000000,109382.3,109656.9,107421.7,108820.1,3236828477.4033
1748318400000,108820.1,109594.8,108470.7,109494,1512340797.4142
1748332800000,109494,109879.4,109351.5,109538.4,1089537508.3417
1748347200000,109538.4,110700,108606.6,110087.8,4599082994.1905
1748361600000,110087.8,110459.6,109500,109815.4,1587130665.0371
1748376000000,109815.4,109844.7,108458.6,108864,1622673595.0499
1748390400000,108864,109217.8,108304.1,108793.8,1088593077.0759
1748404800000,108793.8,109032.1,108550,108750,575532185.4141
1748419200000,108750,109070.8,108171.3,108800.1,1083618664.839
1748433600000,108800.1,109000,106973.9,107071.4,2718075473.8966
1748448000000,107071.4,107800,106841.5,106883.4,1487618353.8127
1748462400000,106883.4,108017.2,106718,107738.9,1103988316.3289
1748476800000,107738.9,108437.9,107395,108002.4,1213859561.6989
1748491200000,108002.4,108065.4,106880,107824.9,1140086957.9923
1748505600000,107824.9,108850,107576.5,108741.4,1428498053.869
1748520000000,108741.4,108773.3,106339.4,106965.1,3848145511.3525
1748534400000,106965.1,107120,105600,105692.9,2858680982.6154
1748548800000,105692.9,106434.5,105250,105550,1295546012.004
1748563200000,105550,106175.1,104520.1,105982,2665740697.8459
1748577600000,105982,106278.3,104680.2,104996.9,1476968708.9091
1748592000000,104996.9,105986.3,104555.1,105860,2118020193.2539
1748606400000,105860,105996.6,104971.8,105500,2099916071.1694
1748620800000,105500,105525,103666,104609.3,2824501152.2057
1748635200000,104609.3,104870,103569,103976.6,1231953385.999
1748649600000,103976.6,104288.8,103036.8,103643,1758168405.3846
1748664000000,103643,103882.5,103442.7,103713.4,597583286.0567
1748678400000,103713.4,103787.8,103246,103459.4,462525793.2177
1748692800000,103459.4,104800,103441.3,104512.9,1212998521.0881
1748707200000,104512.9,104769.9,104238.1,104686,632160657.9627
1748721600000,104686,104898.5,104456.8,104566.1,710386064.5952
1748736000000,104566.1,104611.4,103863.4,104333.1,838215419.8529
1748750400000,104333.1,104699,104150.1,104230,409889225.9131
1748764800000,104230,104410,103696.7,104040,657420566.4839
1748779200000,104040,104773.5,103719.7,104676.9,713911462.5487
1748793600000,104676.9,105266,104302.4,105084.1,1125356383.4541
1748808000000,105084.1,105843.6,104856.9,105614.4,866234002.0521
1748822400000,105614.4,105719,104502.2,104786.8,933391599.9154
1748836800000,104786.8,105394.7,104568.3,105333.8,683310597.0139
1748851200000,105333.8,105894,103868,104004.4,1952749576.8085
1748865600000,104004.4,104631.4,103606.4,104382,2561199645.3764
1748880000000,104382,104683,103962.5,104376.4,892212765.8021
1748894400000,104376.4,105919.7,104376.4,105827.2,1337318169.1472
1748908800000,105827.2,106478.8,105281.8,105426.8,1467648473.1956
1748923200000,105426.8,105462.3,105061.8,105121.9,587826949.2823
1748937600000,105121.9,105324.8,104813.9,105255.7,786900660.6572
1748952000000,105255.7,106773.7,104971.9,106550.6,2772072676.7456
1748966400000,106550.6,106626,105546.1,106168.3,1759708656.271
1748980800000,106168.3,106195.1,105204.5,105324.7,1248613158.6051
1748995200000,105324.7,105777.4,105052.5,105463.1,963777478.9405
1749009600000,105463.1,105551.7,105200,105253.7,463335795.1331
1749024000000,105253.7,105952.9,105050,105056.6,969290327.3778
1749038400000,105056.6,105492.5,104135.3,105238.2,3104795659.0352
1749052800000,105238.2,105425,104825,104863.1,1038756534.2211
1749067200000,104863.1,105013.3,104355.1,104630,722667024.0628
1749081600000,104630,105213.5,104581.6,104980.8,664351275.548
1749096000000,104980.8,105200,104307.6,104461.2,820901307.0835
1749110400000,104461.2,104876.4,104366.7,104771.7,650853500.5246
1749124800000,104771.7,105866.7,103830,104483,4112594048.2674
1749139200000,104483,104547,101490.8,101870,4690045608.4935
1749153600000,101870,102139.1,100350,101455.2,4028525137.5269
1749168000000,101455.2,102470,101046,102449.9,1122534811.4267
1749182400000,102449.9,103419.2,102340.2,103099.9,1241837979.1253
1749196800000,103099.9,103949.6,103099.9,103873.4,1264371665.5954
1749211200000,103873.4,105320.4,103463.9,105035.2,3703353310.9867
1749225600000,105035.2,105249.5,104012,104167.4,1559130755.4563
1749240000000,104167.4,104584.9,104111,104227.5,434710049.8957
1749254400000,104227.5,104900.4,103811,104842.7,1038377492.1197
1749268800000,104842.7,105292.6,104626,104817,836219184.2236
1749283200000,104817,105215.2,104645.4,105093.7,615774020.1224
1749297600000,105093.7,105766.7,105093.6,105505.1,1231317481.3994
1749312000000,105505.1,105848,105220.7,105678.1,764185042.5026
1749326400000,105678.1,105865.9,105472.3,105499.9,415837608.5686
1749340800000,105499.9,105732,105340,105415.8,270422691.109
1749355200000,105415.8,105587.2,105352.3,105370.4,211022208.0028
1749369600000,105370.4,105664.4,104924.7,105634.2,805674997.493
1749384000000,105634.2,106097,105452.4,105921.5,926701239.6475
1749398400000,105921.5,106312.2,105879.4,106239.8,764409286.348
1749412800000,106239.8,106441.8,105500,105670.8,763802069.3691
1749427200000,105670.8,105932.1,105252.6,105610.7,708981314.1484
1749441600000,105610.7,105672.9,105264.1,105511.4,370824021.9694
1749456000000,105511.4,107775.9,105433.2,107723.1,2999961308.902
1749470400000,107723.1,108033.4,106835.4,107592.8,2584245798.074
1749484800000,107592.8,108733.4,107592.7,108512.9,1762649631.6859
1749499200000,108512.9,110660.8,108372.2,110219.9,2831506993.5561
1749513600000,110219.9,110273.5,109342.2,109517.7,848450336.761
1749528000000,109517.7,109683,109050,109170.9,734979347.239
1749542400000,109170.9,109812,109016,109507.1,1088201150.3441
1749556800000,109507.1,109863,108279.2,108972.4,2572561350.9851
1749571200000,108972.4,110351,108464.3,109476.1,1675045530.292
1749585600000,109476.1,110251.4,109206.1,110227.5,1091127619.3922
1749600000000,110227.5,110234,109487.9,109670.6,572898614.6293
1749614400000,109670.6,109686.7,109311,109381.5,424171596.2183
1749628800000,109381.5,109625.3,109113.8,109200.9,530210863.0103
1749643200000,109200.9,110375.5,108967,109697.6,3289369959.3011
1749657600000,109697.6,109770.5,108355.5,108697.7,1947645792.2362
1749672000000,108697.7,109180.1,108006.6,108611.1,1393939698.4404
1749686400000,108611.1,108782.5,107673.4,107831.1,1112171814.8847
1749700800000,107831.1,107950,107305.1,107567.2,843330144.0976
1749715200000,107567.2,107805,106830,106856,1174811301.8464
1749729600000,106856,107775.1,106554.3,106967.4,2515327600.3145
1749744000000,106967.4,108400,106600,106735.2,2227355342.8593
1749758400000,106735.2,106911.7,105579.8,105600.9,2402725238.9428
1749772800000,105600.9,105640,102626.9,104251,5966703780.8036
1749787200000,104251,104923.5,103734.2,104839.7,1485535285.8388
1749801600000,104839.7,105425.5,104359.4,104996.4,1471061936.7062
1749816000000,104996.4,105729.8,104057.2,105387.9,2491850415.0743
1749830400000,105387.9,105921.8,104590.9,105047.6,1830564719.585
1749844800000,105047.6,106140,104958,106023.1,616572154.7878
1749859200000,106023.1,106168.8,105140.5,105185.3,655917440.1938
1749873600000,105185.3,105361.4,104723.5,105016,609883072.0276
1749888000000,105016,105072.8,104788.4,105034,358565710.5544
1749902400000,105034,105070.8,104556.2,104780.6,555550039.533
1749916800000,104780.6,105015.6,104285,104610.5,1118785322.8761
1749931200000,104610.5,105454.3,104250,105356.7,1046955678.193
1749945600000,105356.7,105630.9,105215.1,105430.5,383167932.1221
1749960000000,105430.5,106080,105145.1,105391.8,810750160.6589
1749974400000,105391.8,105440,104820,104933.2,635661141.6942
1749988800000,104933.2,105798.1,104906.6,105533.2,852809287.6518
1750003200000,105533.2,105746.1,105024.1,105246.3,507890639.269
1750017600000,105246.3,105576,104433,105547.8,961039240.6436
1750032000000,105547.8,105946.2,104921.2,105875.4,1005273472.2132
1750046400000,105875.4,107237.5,105830,107014,1480965773.7285
1750060800000,107014,107206.7,106534.3,106866.2,906678087.4607
1750075200000,106866.2,107739.5,106440,107378.2,2357837151.165
1750089600000,107378.2,108873.8,107253.9,108585.7,1898015483.0302
1750104000000,108585.7,108955.5,106630,106749.3,2336019955.3522
1750118400000,106749.3,107724.9,106072.3,107558.8,2278757758.6136
1750132800000,107558.8,107671.9,106434.8,106732,1081913945.5666
1750147200000,106732,106783,105436.1,105590.1,1546880720.9828
1750161600000,105590.1,105809.2,104065.1,104192.3,3152359541.256
1750176000000,104192.3,105286.7,103303.4,104625.9,3476930296.0248
1750190400000,104625.9,104834.9,104142.8,104512.7,1038330450.6045
1750204800000,104512.7,105186.2,104320,105124.6,631984333.7656
1750219200000,105124.6,105500,104654.3,104921.2,899955046.6494
1750233600000,104921.2,105260.2,104132.1,104788.9,1158071340.1458
1750248000000,104788.9,105290.9,103767.1,104743.6,2604526288.052
1750262400000,104743.6,104786.7,103422.3,103761.2,2515059740.8239
1750276800000,103761.2,105100.7,103586.6,104847.3,1072673144.8507
1750291200000,104847.3,105191.9,104394.9,105041.2,710148679.2944
1750305600000,105041.2,105189.5,104558,104582.4,479137128.3174
1750320000000,104582.4,105027.3,104564.2,104712.9,455447365.9563
1750334400000,104712.9,104854.6,104025.1,104045.8,1216323766.262
1750348800000,104045.8,104798.3,103864,104210.1,1284785833.7173
1750363200000,104210.1,104870,104100,104604.2,524016434.3355
1750377600000,104604.2,104782.9,104341.3,104555.1,441787876.5014
1750392000000,104555.1,105780.9,104191.9,105769.9,1280547966.6396
1750406400000,105769.9,106499.9,105689.9,105923.7,1888689400.0347
1750420800000,105923.7,106103.4,103811,104166.3,2806582361.9831
1750435200000,104166.3,104220.8,102260,103264.6,3151676641.0739
1750449600000,103264.6,103797,102913.2,103243.9,843022027.6778
1750464000000,103243.9,103644.1,103066,103436,287954450.9033
1750478400000,103436,103545.5,103262,103414.1,265805539.8284
1750492800000,103414.1,103949.9,103406.6,103819.8,576942509.0195
1750507200000,103819.8,103893.3,103235,103517.2,834966316.7
1750521600000,103517.2,103610.9,102150,102200.8,1218209546.6868
1750536000000,102200.8,102848.4,100800,102083.9,3367173775.5357
1750550400000,102083.9,103347,101780.6,102340.3,2491306238.3975
1750564800000,102340.3,102913.6,102214,102381.8,896878080.6779
1750579200000,102381.8,102769.4,102034,102687.9,760224007.7179
1750593600000,102687.9,102789,98856.7,98871.2,6486409761.4539
1750608000000,98871.2,100348.2,98596,98821.1,2479470782.3874
1750622400000,98821.1,100996.9,98125,100904.3,3277656431.626
1750636800000,100904.3,101553.7,100433.4,101115.4,1264469065.5556
1750651200000,101115.4,102151.4,100923.2,101891.6,1304891714.9636
1750665600000,101891.6,102044.6,101055.4,101239.9,1145908716.8318
1750680000000,101239.9,102590,100738.1,101382.3,3148161588.4187
1750694400000,101382.3,103283.7,99581,103109.2,5181420922.2523
1750708800000,103109.2,106024.8,102836.3,105283.5,4321470665.2581
1750723200000,105283.5,105469,104657.9,104875.7,971888356.7652
1750737600000,104875.7,105784.7,104650,104907.9,1490866022.2522
1750752000000,104907.9,105542,104567,105129.9,1384297140.8065
1750766400000,105129.9,105709.9,104755,105180.3,1560448067.4898
1750780800000,105180.3,106269.9,105116.2,105580,1570450031.7797
1750795200000,105580,106089.3,105379,106048.5,714647582.2941
1750809600000,106048.5,106782.3,105750,106177.1,1507612489.3801
1750824000000,106177.1,106666,105931.3,106560.1,605177863.8371
1750838400000,106560.1,107169.4,106285.8,107126.1,1512655028.9561
1750852800000,107126.1,108090,106672.8,106980.3,3209120261.4391
1750867200000,106980.3,107849.9,106853,107700.2,1153943636.4534
1750881600000,107700.2,107942,107005.4,107264,658494619.2868
1750896000000,107264,108239.6,107028,107806.7,1322123857.3688
1750910400000,107806.7,108050.1,107447.1,107771.7,764663590.0634
1750924800000,107771.7,108132.4,107051.3,107266.8,845915600.2968
1750939200000,107266.8,107721.1,106457.7,107251.2,1872998540.5467
1750953600000,107251.2,107623.1,106950.1,107477.4,805050624.2527
1750968000000,107477.4,108000,106773.4,106905.3,923615170.1073
1750982400000,106905.3,107472.1,106351.6,107419.9,984018864.9096
1750996800000,107419.9,107688.9,106810,106820.7,709218274.2941
1751011200000,106820.7,107108,106633.2,106933,900408122.0965
1751025600000,106933,107374.8,106280,107268.3,2031113710.4675
1751040000000,107268.3,107738.1,106388,106741.4,1601797848.1958
1751054400000,106741.4,107218,106735,106999.6,376045745.5801
1751068800000,106999.6,107296.5,106761,107241.2,314663315.6843
1751083200000,107241.2,107444.3,107109.5,107420.9,394289340.9145
1751097600000,107420.9,107443,107202.1,107320,295823163.0932
1751112000000,107320,107499.9,107037.1,107401.4,273287198.0259
1751126400000,107401.4,107495.3,107161.5,107161.6,287049013.3761
1751140800000,107161.6,107335.8,107100,107241,193238717.4702
1751155200000,107241,107444.9,107113.8,107157.1,312062733.5283
1751169600000,107157.1,107350,107157,107350,143585392.8555
1751184000000,107350,108507,107335.4,108420.1,1283957804.3628
1751198400000,108420.1,108484.2,107602,107693.5,870183750.4917
1751212800000,107693.5,107738.7,107222,107337,799222617.5762
1751227200000,107337,108396.7,107171.2,108314.8,1211835133.7374
1751241600000,108314.8,108766.4,108203.2,108466.6,1063633484.254
1751256000000,108466.6,108500,107410,107552.3,1109665630.408
1751270400000,107552.3,107904.7,107300,107590.9,881887365.1679
1751284800000,107590.9,107821.6,106677,107517.2,2186877205.3064
1751299200000,107517.2,107769.3,107057.9,107686.3,982076925.1615
1751313600000,107686.3,107724.5,106858.8,107081.2,484493472.5348
1751328000000,107081.2,107484.8,106957.7,107150.5,492587024.1626
1751342400000,107150.5,107158.3,106546,107119.9,1053213246.6424
1751356800000,107119.9,107119.9,106233.7,106553.8,1016768793.3924
1751371200000,106553.8,107139.9,105550,105909.6,2626010097.9722
1751385600000,105909.6,106250,105335,105342.3,1392148886.5273
1751400000000,105342.3,106065,105180.3,105634.8,830673853.0385
1751414400000,105634.8,106178.6,105058.6,106148.6,868390566.7747
1751428800000,106148.6,107145,106082.2,107040.9,1292925879.299
1751443200000,107040.9,107795,107040.9,107436.2,1427968621.1502
1751457600000,107436.2,108740,107134.7,108712.4,2697835489.5077
1751472000000,108712.4,109740.9,108620.8,109631.3,2886088090.6534
1751486400000,109631.3,109631.3,108669,108803,880927119.7845
1751500800000,108803,109081.5,108455.1,108592.6,705537562.5478
1751515200000,108592.6,109512,108510,109242.1,917836960.938
1751529600000,109242.1,110256.4,109242.1,109551.1,1455395513.8926
1751544000000,109551.1,110485.7,108704.4,109063.1,3723886046.0839
1751558400000,109063.1,109868.5,108955,109744.1,991329365.7552
1751572800000,109744.1,109978.3,109483.4,109540,559864432.2352
1751587200000,109540,109725.3,109058,109186.9,586044553.3912
1751601600000,109186.9,109285.6,108650,108650,841550278.6153
1751616000000,108650,109042,108456,108826,813203427.7068
1751630400000,108826,108914.5,107452.3,107552.9,2678753302.1654
1751644800000,107552.9,107898.5,107220.3,107453.9,1248671589.9118
1751659200000,107453.9,108223.9,107408.8,107947.4,718223838.2023
1751673600000,107947.4,108229.9,107685.9,108107.1,447752378.123
1751688000000,108107.1,108429.2,107934.8,108008.7,470341817.6299
1751702400000,108008.7,108172.9,107809.9,108055.9,308723677.6668
1751716800000,108055.9,108191.6,107911,108017.2,215525587.3645
1751731200000,108017.2,108120,107820.8,108096.4,308990411.8143
1751745600000,108096.4,108179,107939.7,108144.4,170295926.6331
1751760000000,108144.4,108200,107961.7,107999.7,214806767.5754
1751774400000,107999.7,108168,107888,107988.8,247017284.6728
1751788800000,107988.8,108080,107762.6,108028.8,345921950.2688
1751803200000,108028.8,109088.6,108000,108860,1417574857.5237
1751817600000,108860,108920,108225.7,108498.1,708972173.6748
1751832000000,108498.1,109685,108484.7,109160.5,1355047906.5426
1751846400000,109160.5,109681.4,108612,109355.1,963950982.1973
1751860800000,109355.1,109423.6,108573.5,109015.1,650238732.042
1751875200000,109015.1,109048.4,108525,108593.9,581773764.1201
1751889600000,108593.9,108625.5,107896.8,108244.4,1848662040.5644
1751904000000,108244.4,108455.9,107449.6,107990,1375996836.026
1751918400000,107990,108249.4,107714.2,108200,541546750.3203
1751932800000,108200,108482.3,107369.7,107850.1,1183244896.0416
1751947200000,107850.1,108443.8,107691.5,108427.9,566695105.0168
1751961600000,108427.9,108977.6,108181,108718.1,952344860.4119
1751976000000,108718.1,109188,108140.2,108202.7,1979106067.7053
1751990400000,108202.7,109126.2,108029.9,108728.6,1299029327.3286
1752004800000,108728.6,108931.5,108567,108881.9,370262669.315
1752019200000,108881.9,109093,108284.8,108312.6,513198520.1338
1752033600000,108312.6,108900,108263.4,108671.7,571687814.6739
1752048000000,108671.7,109090,108527.3,109018.9,497544052.4326
1752062400000,109018.9,109746,108447.8,109009.9,2379799201.7278
1752076800000,109009.9,111999,108968.8,111702.6,3113956987.975
1752091200000,111702.6,111914.2,110530,111209.7,2017459778.216
1752105600000,111209.7,111524.7,110832.8,111025.8,670575262.817
1752120000000,111025.8,111421.2,110863.1,111190.8,753283082.98
1752134400000,111190.8,111366,110825,110979.5,495405198.0692
1752148800000,110979.5,111379.2,110450.9,111359.2,1410540616.9174
1752163200000,111359.2,113789.3,111293.8,113247.4,4117580878.3829
1752177600000,113247.4,117896.7,113220,115990.1,5056867206.2493
1752192000000,115990.1,116941.4,115200,116853.2,1389107229.3788
1752206400000,116853.2,118387,116461.1,117554.6,3040348498.2342
1752220800000,117554.6,118849.9,117554.5,117801.6,1784993775.2233
1752235200000,117801.6,118224.9,116727.4,116908.7,2255970104.6214
1752249600000,116908.7,118117.7,116600.8,118079.2,1580329285.0337
1752264000000,118079.2,118079.3,117114.1,117508.8,862071316.415
1752278400000,117508.8,117820,117101.9,117752.5,501993849.6185
1752292800000,117752.5,118035.2,117456.2,117683.9,440586322.8961
1752307200000,117683.9,118195.1,117580,117772.2,916929053.7146
1752321600000,117772.2,117825.8,116868.1,117066.3,1416780828.0864
1752336000000,117066.3,117601.4,117007.3,117511.2,478817341.4732
1752350400000,117511.2,117518.9,116940,117369.9,388378729.9865
1752364800000,117369.9,117787.9,117173.3,117706.6,459401557.3247
1752379200000,117706.6,118023,117627.1,117950.8,370217281.1348
1752393600000,117950.8,118054.5,117653.1,118029.9,379385186.7509
1752408000000,118029.9,119390.4,117929.6,118623,2577421846.7722
1752422400000,118623,119474.9,118320,118918.6,972852675.9657
1752436800000,118918.6,119347.8,118168.2,119050.2,878434543.3624
1752451200000,119050.2,121600,118859.2,120725,2993131328.766
1752465600000,120725,123250,120509.2,122741.2,3697828913.891
1752480000000,122741.2,122758,121350,121480.1,1736047355.3479
1752494400000,121480.1,122100,119609.8,119889.3,3178775921.6249
1752508800000,119889.3,120535.9,119232.4,119950,1981891727.5275
1752523200000,119950,120458.8,119501.6,119841.6,806173816.8086
1752537600000,119841.6,119946.6,116880,117210.2,3682969527.9521
1752552000000,117210.2,117800,116302.4,116822.5,2616107339.8033
1752566400000,116822.5,117246.2,116114.6,117150.4,1676804857.9468
1752580800000,117150.4,118510.5,115750,116430.6,5150494540.3912
1752595200000,116430.6,117758.1,116047.2,116430.2,2451388523.6422
1752609600000,116430.2,117999.8,116161.3,117745.7,1351071177.8531
1752624000000,117745.7,118250,117031,117500,877717743.5641
1752638400000,117500,118307.7,117264.3,118200,815169907.4153
1752652800000,118200,119327.4,118130,118776.1,1383333779.7844
1752667200000,118776.1,119778.5,118127.9,119067.4,3673120585.9799
1752681600000,119067.4,119928.6,118432.2,119230,2107532541.5285
1752696000000,119230,120114.6,118409.1,118626.3,1394316928.4143
1752710400000,118626.3,119173.2,117662.2,118089.6,1402054127.3182
1752724800000,118089.6,118781.7,117809.9,118319.9,1139580432.7184
1752739200000,118319.9,119246.4,117982.1,118001,1461809555.3475
1752753600000,118001,119145.3,117449.9,118911.2,2356799362.0018
1752768000000,118911.2,119944.5,118364,119000,1453665663.5293
1752782400000,119000,121044,118423.5,119218.7,3422786410.9834
1752796800000,119218.7,120844.7,119028.2,120257.9,1603627602.5918
1752811200000,120257.9,120896.9,119355,119420,1424998528.3967
1752825600000,119420,119534.5,118444,119222.7,1647494791.1121
1752840000000,119222.7,119574.4,117311.7,117866.2,3505870021.4339
1752854400000,117866.2,118078,117133,117380.8,1344753926.5474
1752868800000,117380.8,118017.3,116822.1,117930.1,1252305265.451
1752883200000,117930.1,118398.5,117630.8,118349.6,577937469.4111
1752897600000,118349.6,118379,118030.8,118175.8,359829950.8516
1752912000000,118175.8,118523.7,117935.6,118330.4,546347537.9667
1752926400000,118330.4,118345.7,117612,118058.2,859196904.0557
1752940800000,118058.2,118186.3,117580.8,118005.8,507274675.4966
1752955200000,118005.8,118176.4,117237.7,117842.1,734567243.7839
1752969600000,117842.1,118186.8,117659.3,117975.4,482269597.7691
1752984000000,117975.4,118254.4,117772.4,118052.4,316222934.6741
1752998400000,118052.4,118328.1,117860.2,117925.4,553651892.8876
1753012800000,117925.4,118916,117745.4,118722.6,1279566961.586
1753027200000,118722.6,118931,118000,118197,918487118.1484
1753041600000,118197,118301.9,116455.6,117290.4,1893064285.1496
1753056000000,117290.4,118649.8,116550,118429.2,1521921781.2848
1753070400000,118429.2,119750,118200,119420,1293690366.0168
1753084800000,119420,119548,118108.9,118118.7,1134640564.8153
1753099200000,118118.7,119300,117809.4,118377.8,2030949213.7358
1753113600000,118377.8,118459.4,116677.4,116796.9,2668508111.1358
1753128000000,116796.9,117669.6,116652,117393,857825427.1725
1753142400000,117393,117988,116123,117235.1,1963781010.3184
1753156800000,117235.1,118620.1,116562.6,118027.4,1710178118.9597
1753171200000,118027.4,119250,117517.7,119199.1,1468642334.6918
1753185600000,119199.1,119649.9,117601.2,118962.1,2668132928.8224
1753200000000,118962.1,120297.1,118451.8,119333.3,1916311554.247
1753214400000,119333.3,120321,119255,120043.6,925051431.0318
1753228800000,120043.6,120194.7,118582.4,118675.1,1090606258.1235
1753243200000,118675.1,119055.7,118311.9,118398.9,895420673.2168
1753257600000,118398.9,118661.6,117850,118558,1458893734.9907
1753272000000,118558,118748.6,117300,118589.2,2496652669.008
1753286400000,118589.2,118589.2,117309.4,118397.8,1513357418.9226
1753300800000,118397.8,118771.5,117357.7,118743.4,1330448931.1204
1753315200000,118743.4,119279.7,118479.5,118513.1,1033041149.147
1753329600000,118513.1,118571.3,117050.1,118398,2016251605.2019
1753344000000,118398,118821,117944.8,118613.5,1447319899.1955
1753358400000,118613.5,119492.9,117815.8,119121.2,1931712047.4467
1753372800000,119121.2,119427.2,118360,118953.7,1114337707.3342
1753387200000,118953.7,119004.3,118150.4,118328,627466506.8571
1753401600000,118328,118440.3,115297.7,115400.1,3585046394.1508
1753416000000,115400.1,116107.2,114710,115329.5,3169608521.0813
1753430400000,115329.5,116793.1,115045.6,116544.9,2185639215.3362
1753444800000,116544.9,116675.8,114905,115734.4,2561207765.9797
1753459200000,115734.4,117014.7,115455.5,116679.5,1396603215.648
1753473600000,116679.5,117642.8,116572.8,117616.3,1174108040.0683
1753488000000,117616.3,117750,117150,117469.2,582304342.7129
1753502400000,117469.2,117542.7,117307.9,117322.8,320370882.019
1753516800000,117322.8,118252.1,117322.8,117755.6,780546911.7631
1753531200000,117755.6,118226.2,117745,118141.5,664405806.1839
1753545600000,118141.5,118333.4,117940.3,118235.2,367932730.2665
1753560000000,118235.2,118281.5,117857.5,117898.8,374935388.1449
1753574400000,117898.8,118425.6,117807.6,118174.7,491182327.8437
1753588800000,118174.7,118443.7,118055.3,118117,341706763.9758
1753603200000,118117,118297.7,117850.1,118070.3,448552388.5778
1753617600000,118070.3,118640.3,117876.8,118586.8,699173023.9612
1753632000000,118586.8,119600,118586.7,118978.8,1410981049.4308
1753646400000,118978.8,119784,118730.8,119429.9,831120669.1495
1753660800000,119429.9,119844.9,118950,119287.6,754091190.231
1753675200000,119287.6,119699.1,118753,118885.8,735770381.3629
1753689600000,118885.8,119104.4,118435.7,118810.6,754298877.106
1753704000000,118810.6,119092,117874,118160,2113537848.1662
1753718400000,118160,118376.8,117401.5,118070,1452847403.4475
1753732800000,118070,118346.7,117480,118068.9,733148548.8479
1753747200000,118068.9,118820.7,117434,118761.9,1133893977.03
1753761600000,118761.9,119300,118406.2,118889.8,818809925.0398
1753776000000,118889.8,119083.9,118117.9,118602.1,791726286.5511
1753790400000,118602.1,119127.5,117240,117372.2,1996079914.5159
1753804800000,117372.2,118045.8,116912.6,117523.6,1447038188.9292
1753819200000,117523.6,117982.7,117055.6,117923.3,1081595852.0825
1753833600000,117923.3,118234,117371.4,118130,558672774.9696
1753848000000,118130,118389.2,117643.1,118103.2,577800918.6282
1753862400000,118103.2,118465.8,117266.4,117542.3,1096653391.8592
1753876800000,117542.3,118769,117310.9,117991.7,1706435222.266
1753891200000,117991.7,118033.4,115738.1,116873.2,3096852282.4778
1753905600000,116873.2,117921.1,116828.6,117781.6,985272052.011
1753920000000,117781.6,118580,117740.6,118444.4,1009142201.6722
1753934400000,118444.4,118900,118257.6,118646.6,636369009.7949
1753948800000,118646.6,118739.2,118275.5,118346.9,555845593.7561
1753963200000,118346.9,118663.3,117773.9,118273.2,1625989289.9938
1753977600000,118273.2,118860,116685.5,116709.3,2275544486.5713
1753992000000,116709.3,116940,115368.6,115680.1,2288446069.2462
1754006400000,115680.1,115999.9,114240,115590.1,2554814176.294
1754020800000,115590.1,115857.2,114542,115012.4,1350776419.8969
1754035200000,115012.4,115316.1,114013,115239.2,1695650528.3572
1754049600000,115239.2,115950,113849.5,115288,3433239877.8685
1754064000000,115288,115659.3,113153.9,113283.6,3005229423.9242
1754078400000,113283.6,114055.5,112692.8,113248.9,2044411794.604
1754092800000,113248.9,113921.5,113150,113863.1,644469570.928
1754107200000,113863.1,114011.4,113438.3,113934.6,711407468.054
1754121600000,113934.6,113998,113359.1,113755.2,583855167.0871
1754136000000,113755.2,113756.2,112780,112816.3,895369172.0093
1754150400000,112816.3,113395.3,111950,112194,2101082750.9852
1754164800000,112194,113025.4,112038,112518,1064655411.2836
1754179200000,112518,113706,111870,113562.3,1095737698.2665
1754193600000,113562.3,113680.6,113313.3,113662.8,372868984.2765
1754208000000,113662.8,114217,113509.7,113812.6,721923681.3115
1754222400000,113812.6,114059.9,113531.5,113892.7,658956084.312
1754236800000,113892.7,114792.7,113706,114253.1,754962518.8416
1754251200000,114253.1,114564.3,114000.5,114147.1,511194414.3148
1754265600000,114147.1,114975.3,114064.3,114522,752864374.3113
1754280000000,114522,114746.7,114101.2,114615.1,516285947.9525
1754294400000,114615.1,114728.2,114142.5,114445,625521482.2614
1754308800000,114445,115443.5,114061.7,114746,2446105751.1194
1754323200000,114746,115682.8,114653.1,114716,1209432510.047
1754337600000,114716,115326.7,114551.4,115006,764830114.5751
1754352000000,115006,115084.2,114202,114212.3,793426967.7882
1754366400000,114212.3,114480,113628.2,113925.4,1071371729.8916
1754380800000,113925.4,115046.8,113880,114782.3,989642912.9554
1754395200000,114782.3,114860,112577.7,112882.1,2911418311.1902
1754409600000,112882.1,113742.4,112760,113582.1,1081256646.5887
1754424000000,113582.1,114222.6,113207.5,114079.6,772374742.1999
1754438400000,114079.6,114104.7,113355.8,113469.3,528841017.2805
1754452800000,113469.3,114398.6,113300.2,114180.6,750348478.5902
1754467200000,114180.6,114389.9,113671.5,114185.6,738433974.8364
1754481600000,114185.6,115502.6,113522,115360.7,2415522897.1388
1754496000000,115360.7,115666.3,114895.7,115198.5,1001066296.8672
1754510400000,115198.5,115213.8,114747.5,114943,467553495.3281
1754524800000,114943,115154.4,114350,114498.4,690822013.3699
1754539200000,114498.4,114837.8,114218,114747.6,608673533.3969
1754553600000,114747.6,116763.6,114742.8,116446.2,2318232605.6781
1754568000000,116446.2,116747.8,115955.9,116629.3,1570549753.2114
1754582400000,116629.3,117450,115555.1,117380.6,1877140774.2435
1754596800000,117380.6,117560,116931.9,117399.9,998734646.3356
1754611200000,117399.9,117569.1,116632.6,116686.8,895307677.6273
1754625600000,116686.8,116929.8,116334.8,116776.2,644683507.5587
1754640000000,116776.2,116887.4,116264.2,116859.9,606709246.3598
1754654400000,116859.9,117239.4,115854.2,116157,1425238309.5157
1754668800000,116157,116850,115933.1,116367,1109697295.6681
1754683200000,116367,116933.6,116240,116625.1,469714937.5974
1754697600000,116625.1,116700,116288.2,116322.3,296337981.7565
1754712000000,116322.3,116939,116300,116703.4,769156013.9444
1754726400000,116703.4,117900,116688.8,117058.2,1645757527.8764
1754740800000,117058.2,117181.9,116636,116827.6,896641620.8542
1754755200000,116827.6,116883.7,116435,116496.9,563826540.5688
1754769600000,116496.9,116957.2,116303.1,116406.2,611787600.0842
1754784000000,116406.2,119433.6,116400,118488.9,2579105887.5949
1754798400000,118488.9,118728.5,117431,117784.9,1470652071.8215
1754812800000,117784.9,118491,117576,118324,920357482.5045
1754827200000,118324,119111.9,118221,118776.2,1275188775.5378
1754841600000,118776.2,118922.4,118404,118634.5,416676460.2006
1754856000000,118634.5,119288,118049.4,119271.8,1434617424.0567
1754870400000,119271.8,122421,118964.7,121709.4,3817723315.9104
1754884800000,121709.4,122350.2,121445.5,121530.2,1770035227.341
1754899200000,121530.2,121819.1,120262,120540.3,2038176002.307
1754913600000,120540.3,120650,119340.6,120274.6,2932019734.3967
1754928000000,120274.6,120768,118576,119052.9,2659729458.4968
1754942400000,119052.9,119175.3,117855.3,118679.2,1492916979.9766
1754956800000,118679.2,119277,118575.6,118844.7,697792938.9248
1754971200000,118844.7,119144.4,118403,118948,803756155.5429
1754985600000,118948,119017.9,118150,118457.9,1119736143.73
1755000000000,118457.9,119912.1,118205.5,119888.2,3925286147.1587
1755014400000,119888.2,120143,119120.2,119610.6,1504719235.8739
1755028800000,119610.6,120280,119430,120090.5,1391861333.9438
1755043200000,120090.5,120165.8,118974.1,119460.7,1569656812.5142
1755057600000,119460.7,119822.3,118900.5,119555.9,1121312593.6778
1755072000000,119555.9,120747,119423,120572.2,1482901072.7594
1755086400000,120572.2,122239.3,120115.8,120920.7,4946509303.6163
1755100800000,120920.7,122856,120920.7,122748.9,2243241695.9175
1755115200000,122748.9,123742.2,122302.1,123348,2444853777.2745
1755129600000,123348,124571.2,123298.4,123400.2,1998353221.5989
1755144000000,123400.2,123500,121354.6,121772,2499857509.2839
1755158400000,121772,122067.4,120700,120974.4,1804303302.0215
1755172800000,120974.4,121173,117224.6,118199.4,7657944687.5446
1755187200000,118199.4,118496.4,117117,117915.4,2070550494.6778
1755201600000,117915.4,118486.1,117241.3,118250.1,1163549539.5533
1755216000000,118250.1,119050,117977.9,118933.2,693428498.0777
1755230400000,118933.2,119208,118586.6,118942.3,855787895.6997
1755244800000,118942.3,119150,118600,118973.8,652142753.0453
1755259200000,118973.8,119100,116727.1,117224.6,3188057193.2188
1755273600000,117224.6,117827,116719.3,116875.5,1496089831.8854
1755288000000,116875.5,117725.8,116780.1,117280.8,888765858.0234
1755302400000,117280.8,117857.2,117177.5,117390.2,499710734.1434
1755316800000,117390.2,117841.3,117234,117547.6,396814067.1127
1755331200000,117547.6,117658.4,117069.7,117340,487336670.5871
1755345600000,117340,117779.4,117265.3,117627.7,411180257.7341
1755360000000,117627.7,117770.5,117552.3,117603,222388785.3371
1755374400000,117603,117662.8,117156.9,117327.7,336454866.5022
1755388800000,117327.7,117708,117101,117628.3,334179938.3939
1755403200000,117628.3,118212.1,117628.3,117944.9,502009836.2451
1755417600000,117944.9,118431.5,117863,118258.1,393217864.9059
1755432000000,118258.1,118585.7,117983,118199.6,675964860.4614
1755446400000,118199.6,118274.8,117265,117545.1,768745872.3601
1755460800000,117545.1,117957,117312.6,117355.6,461088118.5029
1755475200000,117355.6,117509.6,114936.8,115268.6,2695833172.8015
1755489600000,115268.6,115672,114828.9,115155.6,1188036645.4652
1755504000000,115155.6,115362.8,114577.7,114893,995905537.3669
1755518400000,114893,116120,114719.6,116082.5,1616099576.7684
1755532800000,116082.5,116761.4,115745.9,116263.9,1474388136.8293
1755547200000,116263.9,116945.3,115924.7,116168,771015958.5296
1755561600000,116168,116681.9,114718.5,114750.6,1400721842.1004
1755576000000,114750.6,115432.4,114292.4,114921.2,1282641764.3781
1755590400000,114921.2,115599,114738.6,115462.4,662549948.5674
1755604800000,115462.4,115838.9,113483.4,113728,2986654499.7762
1755619200000,113728,113830,112712.2,113078.1,1815419381.3146
1755633600000,113078.1,113543.6,112673,112825.7,831005903.4813
1755648000000,112825.7,113609.8,112520,113483.2,889554885.6958
1755662400000,113483.2,113817.5,113392.3,113453.9,497703568.6644
1755676800000,113453.9,114019.7,113010.1,113641.9,1056782919.4174
1755691200000,113641.9,114287,112286.8,113314.5,2664215430.6409
1755705600000,113314.5,114416,113194.3,114231.5,1735871126.3752
1755720000000,114231.5,114567,113939.1,114217.4,647492784.5176
1755734400000,114217.4,114783.7,113784.4,113917.6,759865068.086
1755748800000,113917.6,113991.1,113522,113854.5,655897006.5264
1755763200000,113854.5,113957.1,112945.6,113104.6,719294533.2118
1755777600000,113104.6,113945.7,112550,112745.8,1626723836.8475
1755792000000,112745.8,112938.6,111945.2,112146.2,1632047776.5543
1755806400000,112146.2,112835.1,112009.1,112462.7,984373750.9093
1755820800000,112462.7,113499.9,112277.2,112903.7,1058235416.3025
1755835200000,112903.7,113364.4,112667.8,113050.8,656716392.9323
1755849600000,113050.8,113280,112137.8,112280,825235362.8179
1755864000000,112280,117276.2,111618.8,116313.7,7129736737.51
1755878400000,116313.7,117374.5,116042.1,116604.4,2248416938.7048
1755892800000,116604.4,117144.6,116518.3,116899.8,803609353.2938
1755907200000,116899.8,116998,115432,115530.1,1188653694.4251
1755921600000,115530.1,116000,115503.9,115788.4,565606772.6996
1755936000000,115788.4,115861.5,115180,115270,536424926.0626
1755950400000,115270,115457.9,114504.7,114792.4,1557739354.0261
1755964800000,114792.4,115206.5,114660.9,115136.8,597422837.1686
1755979200000,115136.8,115413,114985.8,115404.8,282580931.7513
1755993600000,115404.8,115656.7,114943.1,115042.5,644798080.5646
1756008000000,115042.5,115284.5,114846,114880.7,349780260.1415
1756022400000,114880.7,115078.1,114602,114745.2,546094994.1996
1756036800000,114745.2,114887.8,114312.8,114420.1,935545427.4856
1756051200000,114420.1,114950,110551,112595.1,4452166985.0052
1756065600000,112595.1,113677.4,111626,113474.8,1830270260.4272
1756080000000,113474.8,113649.9,112133.4,112890,1296540890.8506
1756094400000,112890,113040,111257.5,111466.7,2055350789.689
1756108800000,111466.7,111828.8,110906.9,111199.9,1827586699.4606
1756123200000,111199.9,112576.5,110552,112172.3,2335264009.1731
1756137600000,112172.3,112945.4,110600,110664.1,1871206673.3848
1756152000000,110664.1,111083,109222.6,110069.7,3511085563.4547
1756166400000,110069.7,110069.7,108669,109846,1879231236.364
1756180800000,109846,110499.9,109706.1,110259.1,984786285.4037
1756195200000,110259.1,110415.4,109527.9,109853,906533804.3954
1756209600000,109853,110793.1,109334.2,109623,2327362326.8578
1756224000000,109623,111120.5,109412.5,111086.2,1292253192.1147
1756238400000,111086.2,112342.4,110874,111723.1,1174479737.8585
1756252800000,111723.1,111801,110877.7,111387.5,857198457.5437
1756267200000,111387.5,111699.6,110582.7,110686,701615890.0594
1756281600000,110686,111330.6,110312.1,111265,706053794.7728
1756296000000,111265,112589.9,110951.4,111961.2,1877047200.0819
1756310400000,111961.2,112588,111500,112037.4,1044505733.7366
1756324800000,112037.4,112444.2,110823.9,111184.3,1854776825.0936
1756339200000,111184.3,111990.2,110781.5,111945.9,668232189.9081
1756353600000,111945.9,113345.4,111888.3,113077,1345479228.093
1756368000000,113077,113310,112772.9,112880.2,622684672.7913
1756382400000,112880.2,113433,112330.1,112620.5,1541460356.912
1756396800000,112620.5,113150,111828,111842.6,1220288818.9092
1756411200000,111842.6,112538.3,111810.1,112511.4,674259638.7814
1756425600000,112511.4,112616.4,111250,111642,1082070969.2327
1756440000000,111642,111800,109832.5,109946.7,1605171158.6655
1756454400000,109946.7,110220,109346.7,110039.5,1410819481.8787
1756468800000,110039.5,111490.7,108063.3,108336.7,3924038419.3144
1756483200000,108336.7,108788,107888,108180.8,1226086014.4735
1756497600000,108180.8,108530.4,107432.6,108355.3,1224805997.5145
1756512000000,108355.3,108398,107300,108393.9,828384985.3202
1756526400000,108393.9,108637.8,108075,108466.8,557102054.5324
1756540800000,108466.8,108739.5,108376,108652.3,429704859.7678
1756555200000,108652.3,108902.3,108176,108834.7,700395868.1865
1756569600000,108834.7,108900,108583.3,108814.5,336735345.8658
1756584000000,108814.5,108821,108436.9,108780.7,318418382.6627
1756598400000,108780.7,109444,108763.9,109179.3,701501872.794
1756612800000,109179.3,109191.1,108455,108640.4,531444079.0511
1756627200000,108640.4,109065.4,108237.1,108335,794404355.7418
1756641600000,108335,108814.7,108135.9,108750,643657232.0772
1756656000000,108750,109197.5,108485.3,108887.9,522218106.1855
1756670400000,108887.9,109199.1,108008.4,108200,798862654.2024
1756684800000,108200,108447.3,107340,107607.5,1428024444.4343
1756699200000,107607.5,109394.5,107202,109390,1531162890.5938
1756713600000,109390,109872.8,108150,108741.7,1921093045.2806
1756728000000,108741.7,109491.4,108529.5,108749.1,1307592193.4601
1756742400000,108749.1,109300,108351,109188.4,743207856.3073
1756756800000,109188.4,109423.4,107408,109191.8,1760994983.9668
1756771200000,109191.8,110595,108850,110302.8,1399579471.2446
1756785600000,110302.8,110590,109953,110200,681247326.8241
1756800000000,110200,110767,109518.1,109700,1074182332.2859
1756814400000,109700,111730,108320.7,110793.9,4424025359.8507
1756828800000,110793.9,111102.5,110142,110746.8,1166860179.7397
1756843200000,110746.8,111534,110655.6,111217.7,975547201.8649
1756857600000,111217.7,111771.6,110851.8,111001.4,812234187.0793
1756872000000,111001.4,111138.6,110476.8,111050.2,551866583.4662
1756886400000,111050.2,111680,110854,111400.9,811946975.824
1756900800000,111400.9,112500,110985.9,112189,2713696775.0719
1756915200000,112189,112557,111640,112146,1030183871.4863
1756929600000,112146,112219.9,111546.8,111661.8,396123318.4699
1756944000000,111661.8,112138.3,111089,111110,976642481.8146
1756958400000,111110,111285.9,110208.8,110413.7,1470918433.5242
1756972800000,110413.7,111107.6,110364.8,110760.6,749534701.2901
1756987200000,110760.6,111081.4,109276.7,109450.1,2190775370.7356
1757001600000,109450.1,110161.6,109300,109747.1,1134285529.9096
1757016000000,109747.1,111753.6,109693.7,110685.5,1187962290.3508
1757030400000,110685.5,111450,110402.2,111276.1,949487297.4774
1757044800000,111276.1,112985.7,111100.1,112913,1620109212.5353
1757059200000,112913,112959,112100,112300.1,1100586768.4124
1757073600000,112300.1,113369.4,110211.8,110659.7,6187440697.4448
1757088000000,110659.7,111569.2,110155,111550.2,1370230661.0426
1757102400000,111550.2,111660.7,110282.7,110623.1,1403060112.0358
1757116800000,110623.1,111258,110505.4,111048,380835057.2884
1757131200000,111048,111048.1,110646.4,110771,280828954.143
1757145600000,110771,110903,110604.2,110725.5,270254652.0292
1757160000000,110725.5,110932.6,110300,110339.4,397140440.4966
1757174400000,110339.4,110363,109888,110000,902612029.2841
1757188800000,110000,110234.4,109984.3,110131.5,236983734.951
1757203200000,110131.5,110723.9,110119.4,110595.6,465496210.613
1757217600000,110595.6,110873.7,110416.9,110715.8,438946601.3766
1757232000000,110715.8,111317.7,110673.1,111248.3,702773648.3178
1757246400000,111248.3,111365,110994.4,111290,367038048.9603
1757260800000,111290,111336.8,110812.4,111220.1,463663794.5508
1757275200000,111220.1,111558,110952.5,111086.7,527689660.9004
1757289600000,111086.7,111346.4,110555.3,110999.6,1193459325.099
1757304000000,110999.6,111555,110844,111229.9,598261092.5029
1757318400000,111229.9,112147.7,111190.1,112020.1,1389976402.7861
1757332800000,112020.1,112871.4,111832,112587.3,1644074159.4833
1757347200000,112587.3,112630,111910,112036.8,967947498.3022
1757361600000,112036.8,112470.1,111832.6,112011.3,500996380.9878
1757376000000,112011.3,112056.9,111059.9,111641.8,1517119941.0482
1757390400000,111641.8,113238.1,111551,112958.4,1715346130.6324
1757404800000,112958.4,113137.7,112354.7,112388.7,732622631.2708
1757419200000,112388.7,112900,110706.4,110821.8,2886739017.3058
1757433600000,110821.8,111346.1,110713.2,111232.9,881482632.4859
1757448000000,111232.9,111698,111021.6,111500,761269674.4222
1757462400000,111500,111550,110865,111506.3,816366196.0077
1757476800000,111506.3,112542.7,111255.8,112486.6,1193358074.986
1757491200000,112486.6,112812.3,112045.6,112267.2,1182434032.5073
1757505600000,112267.2,114250,112262.9,113811.9,3737909089.4137
1757520000000,113811.9,114035,113100,113514.1,1318454549.0469
1757534400000,113514.1,113969,113464,113890,826971032.0915
1757548800000,113890,114394.7,113608.1,114340.9,710185041.4689
1757563200000,114340.9,114414.6,113895.1,114039,886022215.4968
1757577600000,114039,114152.1,113710.1,113965.1,899263630.727
1757592000000,113965.1,114709,113242,114117.6,3921622728.1536
1757606400000,114117.6,114572.5,114046.8,114369,699363534.6864
1757620800000,114369,115446.1,114183,115440.1,1279849177.0664
1757635200000,115440.1,116249.9,115001,115138.7,2058650467.9745
1757649600000,115138.7,115620.2,115043.4,115056.6,866932359.4075
1757664000000,115056.6,115240,114834.4,114885.7,818865349.6717
1757678400000,114885.7,115441.9,114700.8,115061.8,1236650176.4419
1757692800000,115061.8,116600,114974.4,116560,1694670984.5874
1757707200000,116560,116560.1,115630.5,115972,1105331112.6856
1757721600000,115972,116222,115451.5,115907.8,826560912.1219
1757736000000,115907.8,115907.9,115594,115713.7,374953590.3568
1757750400000,115713.7,116147.1,115709.7,115923.7,529737579.793
1757764800000,115923.7,116012.1,115561.2,115729.5,599275779.542
1757779200000,115729.5,115775.6,114978.2,115733.2,1209059644.081
1757793600000,115733.2,115972.2,115693.4,115849.6,518138147.7862
1757808000000,115849.6,116057.7,115581.5,115617.2,581011473.7517
1757822400000,115617.2,115889.8,115380,115737,638864438.379
1757836800000,115737,116117.8,115690,115750,511728349.3817
1757851200000,115750,115820.7,115100,115167,1024711842.6932
1757865600000,115167,115617.6,115135.3,115593,424853443.0317
1757880000000,115593,116049.9,115060.1,115214.4,828977348.3016
1757894400000,115214.4,115530,114741.6,115381.9,970181180.4747
1757908800000,115381.9,116761.3,115340,115770,2163401991.1645
1757923200000,115770,115775.6,114526.9,115006,1930225996.7909
1757937600000,115006,115049.2,114316.3,114801.3,1633382560.1885
1757952000000,114801.3,115551.2,114524.7,115259.9,1174244459.0907
1757966400000,115259.9,115570.2,115158,115315.6,380928716.8132
1757980800000,115315.6,115481.7,114888,115268.4,553222560.8937
1757995200000,115268.4,115982.1,114894.6,115796.4,1026024374.8184
1758009600000,115796.4,115949,115134.1,115225.1,742768662.892
1758024000000,115225.1,115870,114688,115869.9,1739024798.4857
1758038400000,115869.9,116883.6,115561.8,116753.3,2018735011.1906
1758052800000,116753.3,116947.3,116547.6,116748.9,720687897.1854
1758067200000,116748.9,117050,116298.4,116300.3,709778239.9692
1758081600000,116300.3,117239.5,116100,117118.2,1314013905.512
1758096000000,117118.2,117146.8,116200,116203.2,1011859789.7593
1758110400000,116203.2,116489,115337.8,115822.7,1860881938.846
1758124800000,115822.7,116266,114710,115610.1,4305226413.8489
1758139200000,115610.1,116950,115271.4,116400.2,1339495446.6341
1758153600000,116400.2,117864,115980.1,117560.1,1984434408.5319
1758168000000,117560.1,117735.8,116859,117031.2,1018053562.2947
1758182400000,117031.2,117400,116955,117026.5,596594601.5726
1758196800000,117026.5,117800,116920,117536.4,1597342131.8661
1758211200000,117536.4,117884,117081.8,117404.7,1067245846.8036
1758225600000,117404.7,117620.1,116557.9,117023.5,1124202441.2007
1758240000000,117023.5,117417.6,116809.1,116923.8,702067744.9786
1758254400000,116923.8,117061.6,116575,116856.1,779437404.5888
1758268800000,116856.1,117058.9,116237.7,116332.2,887256280.458
1758283200000,116332.2,116493.4,115408,115816,1739503260.2334
1758297600000,115816,116100,115050,115069.5,948536893.3823
1758312000000,115069.5,115614.6,115035,115572.9,453171814.6427
1758326400000,115572.9,115692.8,115360,115406.2,341740584.2721
1758340800000,115406.2,115942,115366.1,115928.6,380857318.0921
1758355200000,115928.6,115931.2,115606,115843.7,359275205.3765
1758369600000,115843.7,116093.6,115755.1,115958.3,334820420.4909
1758384000000,115958.3,116050,115634.1,115634.1,345087832.3802
1758398400000,115634.1,115896.2,115558.2,115628.9,186516224.4734
1758412800000,115628.9,115680.6,115390,115625,299538668.5384
1758427200000,115625,115775,115454.9,115775,232070479.1181
1758441600000,115775,115779.6,115260.1,115564.4,363443676.8672
1758456000000,115564.4,115717.8,115414,115466.4,251490647.9321
1758470400000,115466.4,115623.8,115117.3,115430,706411976.7568
1758484800000,115430,115507.4,115140,115173.4,445109450.7594
1758499200000,115173.4,115340.2,114079.8,114609.7,2073193268.1735
1758513600000,114609.7,114618.1,111500,112458.5,4222724227.6329
1758528000000,112458.5,112914.6,112111.2,112810.9,1249579335.623
1758542400000,112810.9,113380.1,112307,112764.2,1677872702.1206
1758556800000,112764.2,112833.4,111892,112058.8,990797847.1592
1758571200000,112058.8,112936.6,111918.4,112600.7,634006328.3683
1758585600000,112600.7,112782.6,111410,112283.5,1133739343.886
1758600000000,112283.5,113076.8,111800,113025,1105567443.8257
1758614400000,113025,113200,112616.6,112924.9,837479829.014
1758628800000,112924.9,113247.1,112424.9,112819.7,1279209245.6645
1758643200000,112819.7,112900,111471,111590,1477508010.1331
1758657600000,111590,112179.6,111350.7,111937.5,692265121.284
1758672000000,111937.5,112444,111603.3,111627.3,1024965221.1232
1758686400000,111627.3,112739.5,110904.2,112537.6,1604439804.3954
1758700800000,112537.6,113122.4,112330.3,112977.4,796170113.3723
1758715200000,112977.4,113850,112750.1,113300,1902333712.1924
1758729600000,113300,113900,113100.5,113370,872250198.8262
1758744000000,113370,113595,113154.8,113255.5,390189914.3053
1758758400000,113255.5,113457.3,112103.6,112476.1,1564927085.2372
1758772800000,112476.1,112566.7,111373.6,111719.9,1551966035.5414
1758787200000,111719.9,112199,111181.3,111289.1,1018013857.6222
1758801600000,111289.1,111683.8,110517,111537.1,3091867460.4545
1758816000000,111537.1,111625.5,108560,109332.3,3450285045.8871
1758830400000,109332.3,109637,108676.7,108931.3,1125658434.363
1758844800000,108931.3,109764,108738.7,109524.6,972727307.3901
1758859200000,109524.6,109593.5,108833.4,109254.9,984063568.0044
1758873600000,109254.9,109651.7,108550,109080.7,1097315739.9383
1758888000000,109080.7,109758,108700,108972,1667345958.7366
1758902400000,108972,110255.6,108951.5,109111.5,1445845696.377
1758916800000,109111.5,109640,109033.2,109592.1,507708665.3562
1758931200000,109592.1,109710.9,109261.6,109501.3,539963528.1203
1758945600000,109501.3,109689.2,109286.9,109359.2,253104507.2323
1758960000000,109359.2,109442.5,108988,109276.1,506951260.145
1758974400000,109276.1,109434,109113.9,109342.4,333338868.3331
1758988800000,109342.4,109400.6,109190.2,109380,242609051.7229
1759003200000,109380,109665.5,109296.3,109585.6,258344098.6337
1759017600000,109585.6,109747,109271,109395.1,453943377.9413
1759032000000,109395.1,109509.4,109180.7,109469.8,215103471.12
1759046400000,109469.8,109549,109180.7,109325.7,558572262.4044
1759060800000,109325.7,110000,109133.8,109990.9,705593079.7317
1759075200000,109990.9,110355,109965.2,110302.9,651975854.8965
1759089600000,110302.9,112345.9,110242,112133.5,1707338689.9347
1759104000000,112133.5,112282.3,111534.8,111825.9,996114696.1229
1759118400000,111825.9,111855.6,111487.2,111820.2,633005339.3349
1759132800000,111820.2,112415.9,111818.1,112065.9,833347772.8975
1759147200000,112065.9,114199.5,111864,113762.5,2855055064.1719
1759161600000,113762.5,114350,113409.4,114208.6,1081441062.5702
1759176000000,114208.6,114377.1,113957.1,114251.4,555327955.7577
1759190400000,114251.4,114825.7,113970.5,114311.2,1032444928.7102
1759204800000,114311.2,114311.3,113530,113661.6,956928479.7937
1759219200000,113661.6,113699.4,112603.9,112992,1477943224.729
1759233600000,112992,113630,112788,113063.4,1454070694.9665
1759248000000,113063.4,114522,112726.8,114314.7,1305356353.1104
1759262400000,114314.7,114751.4,113716.8,114013.8,1161292954.9585
1759276800000,114013.8,114523.9,113913.8,114134.1,972935025.6995
1759291200000,114134.1,114700,114079.1,114493.4,900598524.5557
1759305600000,114493.4,116759.9,114435,116730,3547107984.2418
1759320000000,116730,117605.4,116300,117367.5,1954265944.2269
1759334400000,117367.5,118150,116678.7,117369.3,1800923922.7453
1759348800000,117369.3,118644,117101,118555.4,1377343646.3591
1759363200000,118555.4,119416,118331.2,118688.5,1972122617.0617
1759377600000,118688.5,118902.8,118202.7,118443.6,1042479399.3503
1759392000000,118443.6,118920.8,118291.1,118703.9,700735106.9288
1759406400000,118703.9,119872.3,118445,119865.8,3421002386.9802
1759420800000,119865.8,120994.2,119284.6,120776.6,2972646208.5098
1759435200000,120776.6,120861.9,120002,120484,994891689.4738
1759449600000,120484,120506,119736.7,120168.9,897295525.8819
1759464000000,120168.9,120276.8,119556.9,119584.8,864342960.616
1759478400000,119584.8,120468.7,119160,120287,1174622690.8345
1759492800000,120287,122333,119805,122222.9,2809179634.8107
1759507200000,122222.9,123858.6,121420.5,122590,5992970095.4866
1759521600000,122590,122669,121934,122180.2,683985790.757
1759536000000,122180.2,122330.7,121628,122182.8,745109243.9679
1759550400000,122182.8,122767.7,122160.3,122258.6,754489018.527
1759564800000,122258.6,122495.6,121884.2,121914.5,604015342.8279
1759579200000,121914.5,122490.4,121648.6,121754.7,922272409.1431
1759593600000,121754.7,121922,121472.9,121921.9,627706536.0041
1759608000000,121921.9,122380,121828,122359.3,458920838.6264
1759622400000,122359.3,124384.4,122082.6,123730.2,2437209514.8221
1759636800000,123730.2,125849.7,123683,124682.8,3696253961.3007
1759651200000,124682.8,124815.7,122461.7,123414.4,3283222802.5574
1759665600000,123414.4,123414.5,122601.8,122753.1,1085973204.4695
1759680000000,122753.1,123483,122104,122543.9,1544714052.9701
1759694400000,122543.9,123577.6,122418.7,123447.9,734950810.5739
1759708800000,123447.9,124331,122989.1,123783.1,2442782187.7859
1759723200000,123783.1,124140.7,123230,123344.1,1118621830.7263
1759737600000,123344.1,124535.7,123344.1,124165.7,1204677755.2662
1759752000000,124165.7,125396.8,124117.3,124944.7,2490413832.4229
1759766400000,124944.7,126150,124750,125329.4,2647403400.6116
1759780800000,125329.4,125482.5,124403.3,124606.1,1194460381.4087
1759795200000,124606.1,125029.2,124022.9,124246.9,1179639894.2634
1759809600000,124246.9,124625,123500,123614,1364233213.8876
1759824000000,123614,124460.6,123200.1,124389.6,1289982360.9102
1759838400000,124389.6,125114.2,121089.5,121817,5374149333.4855
1759852800000,121817,122120,120545,121609.6,3319985453.4342
1759867200000,121609.6,122270,121213,121299.4,1163230059.4974
1759881600000,121299.4,122200,121157.6,121335.4,1135753048.8568
1759896000000,121335.4,121869.2,121000,121564.1,950745387.6021
1759910400000,121564.1,123184.3,121482.7,122842.1,1477810633.8484
1759924800000,122842.1,123349,121615.6,122129.3,3179804366.8077
1759939200000,122129.3,124162.5,122053,123385.8,2382878393.2954
1759953600000,123385.8,123667,122689.1,123245.3,779321954.4673
1759968000000,123245.3,123291.3,121401.6,121992.2,1592167591.78
1759982400000,121992.2,122222.8,121633.8,121847.6,720171392.464
1759996800000,121847.6,122787,121080,122677,1571448773.3276
1760011200000,122677,123733.9,120612.8,121083.4,4538873010.8708
1760025600000,121083.4,121428.3,119574,120901.1,3137805098.774
1760040000000,120901.1,121747.3,120800,121603,780222123.7141
1760054400000,121603,121849.7,120882,121001.7,917094725.6801
1760068800000,121001.7,121740,120822,120903.7,899881573.9621
1760083200000,120903.7,121744.9,120869.2,121496.2,652382878.6407
1760097600000,121496.2,122490,118400,118962.9,5084648374.4211
1760112000000,118962.9,119400.3,115900,116606.5,5104501818.4674
1760126400000,116606.5,117336,101045.9,112732.5,18164726248.6213
1760140800000,112732.5,113279.8,110930.2,112266,3264056404.5669
1760155200000,112266,112930.8,110050,110359.6,1935046998.9681
1760169600000,110359.6,112331.7,110104,112238,1449088493.784
1760184000000,112238,112496.7,111724.3,111740,879131238.5681
1760198400000,111740,112156.4,110790.2,111125.5,1023555771.8975
1760212800000,111125.5,111300.8,109453.4,110599.9,1289355910.0173
1760227200000,110599.9,111352.3,109503.2,110637.8,1628030013.8385
1760241600000,110637.8,112122.4,110556,111466.7,1019036030.3796
1760256000000,111466.7,112086.3,111081,111786.1,669290447.0657
1760270400000,111786.1,113749.2,111121,113166.2,3191727749.8594
1760284800000,113166.2,114700,113166.2,114298.3,2563617836.1003
1760299200000,114298.3,115749,114203.9,114908.5,2026320012.6401
1760313600000,114908.5,115950.6,114582.2,114792.2,1222724099.7554
1760328000000,114792.2,115539.8,114320.9,115349.9,1142271042.7269
1760342400000,115349.9,115404.4,113526.4,114139.1,1446262827.965
1760356800000,114139.1,115517.9,113707.1,114267.5,3029300012.7881
1760371200000,114267.5,115855.3,114150.3,115750,1656524467.3318
1760385600000,115750,115838.8,114951.1,115116.7,761776509.626
1760400000000,115116.7,115370.5,113188.1,113430.4,1551321211.2074
1760414400000,113430.4,113641.2,111200,111659.1,3507117861.6717
1760428800000,111659.1,112091.8,109947.4,111245.8,2719017713.6156
1760443200000,111245.8,112885,109800,112862.2,3679280243.8482
1760457600000,112862.2,113499.9,111659,112544.7,3220339098.3111
1760472000000,112544.7,113550,112139,112972.1,1071270242.7103
1760486400000,112972.1,113590,111752.7,111967.7,1237782558.0274
1760500800000,111967.7,112635,111683,112524.2,974592117.8856
1760515200000,112524.2,113470,111635.3,111839.9,1557421465.2098
1760529600000,111839.9,112200,110308.1,110748,2634930872.9866
1760544000000,110748,111525.3,110072.8,111210.1,1269108686.8228
1760558400000,111210.1,111512.8,110413.8,110705.3,1086745298.0936
1760572800000,110705.3,111832,110281.6,111288.3,882990549.9145
1760587200000,111288.3,111733.1,110500,110516.3,1037727109.3452
1760601600000,110516.3,111686.4,109533,111359.7,2049295625.0696
1760616000000,111359.7,111962.3,108270,108463.5,3789568051.4281
1760630400000,108463.5,109255.8,107500.3,108151.5,3318611399.7636
1760644800000,108151.5,108468.8,107362.1,108137.8,1099507931.9852
1760659200000,108137.8,109199.3,107875.3,109127.4,881264485.367
1760673600000,109127.4,109186.3,105403.3,105561.6,2731357545.5587
1760688000000,105561.6,106573.9,103437.4,105628.3,4511191884.7193
1760702400000,105628.3,106790.9,104431.7,106729.6,3052392548.1343
1760716800000,106729.6,107584.5,106010,106403.5,1944881188.1308
1760731200000,106403.5,107400.6,106294.6,106364.6,830678234.0685
1760745600000,106364.6,107252,106259.7,107017.9,736416313.4506
1760760000000,107017.9,107476.5,106383.6,106653.5,943584497.2442
1760774400000,106653.5,107194.2,106567,107162.5,515704081.9307
1760788800000,107162.5,107273,106674.5,106894.6,473538564.3863
1760803200000,106894.6,107070.5,106430.6,107025.8,380249725.3546
1760817600000,107025.8,107314.4,106790,107122.2,310330539.541
1760832000000,107122.2,107335.8,106688.2,107224.7,406722531.6915
1760846400000,107224.7,107246.8,106500,106737.6,416665608.5422
1760860800000,106737.6,108200,106060.3,107749.3,2280026059.3931
1760875200000,107749.3,108593.3,107322.6,108448.1,1003741478.3382
1760889600000,108448.1,109434.5,108188,108852.3,1056912270.2594
1760904000000,108852.3,109360,108347.4,108597.3,676316522.2093
1760918400000,108597.3,110423,107373.7,110098.3,2049726046.084
1760932800000,110098.3,111380.9,109878.8,111148.6,1738747103.0891
1760947200000,111148.6,111644.2,110589.8,110986.2,1228414584.8754
1760961600000,110986.2,111692.3,110537.8,111105.5,1486012907.4309
1760976000000,111105.5,111303.8,109785,110755,2125502573.5235
1760990400000,110755,111238.6,110366,110490,547410721.5202
1761004800000,110490,110508,109023,109023.1,1272803830.2086
1761019200000,109023.1,109023.1,107412.1,108022.4,2385630768.7115
1761033600000,108022.4,108780,107429.9,108522,1247779960.7868
1761048000000,108522,113546,107779.7,113400,5461535208.3763
1761062400000,113400,114000,111250.8,111736.4,3141531408.4237
1761076800000,111736.4,111759.6,107806.8,108240.1,3263182199.7976
1761091200000,108240.1,108646.6,107769,108163.1,1218539040.979
1761105600000,108163.1,108600,107523.1,108280,1136056545.372
1761120000000,108280,108328.7,106588,107484.7,2018784447.9459
1761134400000,107484.7,109273.7,107385.8,108364.9,4243209899.688
1761148800000,108364.9,108780.1,107394.7,107824.1,1673242060.4003
1761163200000,107824.1,108035.8,106625.8,107522.8,1686681238.2123
1761177600000,107522.8,108685.4,107456.7,108341.3,984868820.9178
1761192000000,108341.3,110281.7,108304.4,109232.8,1767437939.1517
1761206400000,109232.8,109871,108992,109208.6,905207062.5318
1761220800000,109208.6,110079.6,108564.2,109866.2,2160182363.458
1761235200000,109866.2,111272.4,109600,110139,2182533147.4636
1761249600000,110139,110150,109230.5,110015,1125278104.0825
1761264000000,110015,110813,109933.4,110411.4,765746585.6239
1761278400000,110411.4,111512.8,110300,111034.4,1297722243.5175
1761292800000,111034.4,111476.5,110540,111035.2,1081349585.7901
1761307200000,111035.2,112162.2,109603.4,109994.8,3648875474.0047
1761321600000,109994.8,110914.5,109734.6,110565.4,805530254.573
1761336000000,110565.4,111088.9,110404.3,110964.7,468962924.4329
1761350400000,110964.7,111217.1,110618.8,110973.5,295662786.0477
1761364800000,110973.5,111796.4,110973.5,111463.9,757256493.009
1761379200000,111463.9,111848.8,111349.8,111542.1,511790262.6353
1761393600000,111542.1,111935.8,111239.8,111348.1,495074250.7689
1761408000000,111348.1,111704,111109,111586.9,414572919.2554
1761422400000,111586.9,111655.5,111274,111587.5,311922783.3825
1761436800000,111587.5,111891.8,111187.8,111214.5,394533549.4559
1761451200000,111214.5,111687.1,111201.6,111681.7,269634874.6629
1761465600000,111681.7,113446,111668.6,113255.5,1543820031.7605
1761480000000,113255.5,114050,113225.3,113654.4,1393510719.1564
1761494400000,113654.4,113758.8,113236.4,113559.8,507914132.9705
1761508800000,113559.8,115583,112797,114498.3,1715190467.4886
1761523200000,114498.3,115421.4,114275.9,114942.5,1099965418.3122
1761537600000,114942.5,116373.3,114900,115517.8,1511453654.8949
1761552000000,115517.8,115578.9,114766.7,115302.1,1142976225.5131
1761566400000,115302.1,115393.4,114426,114915.5,1393821935.0593
1761580800000,114915.5,115756.6,114725,114895.8,1036555456.0288
1761595200000,114895.8,114895.8,113777.3,114061.3,1258053058.3691
1761609600000,114061.3,114501.8,113507.6,113859.3,1003409723.4096
1761624000000,113859.3,114343.2,113341.6,114135.7,881882598.6894
1761638400000,114135.7,114650.6,114057.1,114296.8,630579255.1344
1761652800000,114296.8,116060.5,114072.2,114592.3,3127078984.1525
1761667200000,114592.3,115571.8,113500.1,113620,1919807833.7186
1761681600000,113620,113650.8,112112,112836,2711905101.8317
1761696000000,112836,112925.4,112030,112451.6,971095562.362
1761710400000,112451.6,113543,112435.8,113514.9,859401035.4926
1761724800000,113514.9,113582.2,112665.3,113086.9,811182108.5779
1761739200000,113086.9,113598,111274.7,111453.8,2342555684.6772
1761753600000,111453.8,111976.8,109056.2,110600.4,5394739200.7884
1761768000000,110600.4,111773,109666,109948.8,1672455310.4945
1761782400000,109948.8,110966.7,109665,110693.4,1067317905.2365
1761796800000,110693.4,111571.9,107842.2,111324.8,4024434149.0092
1761811200000,111324.8,111399,109617.5,109658.1,1523837008.9467
1761825600000,109658.1,109742.5,107220,107661.1,3256323736.8641
1761840000000,107661.1,108172.4,106225,106481.5,2704214714.3599
1761854400000,106481.5,108312,106257.6,108261.7,1291354163.6352
1761868800000,108261.7,110014.6,108223,109187.5,1746642297.6301
1761883200000,109187.5,110301.6,109064.3,109398.3,1313059074.2201
1761897600000,109398.3,110537.3,109154.8,110374.8,1301037285.9922
1761912000000,110374.8,111147,109314.3,110132.6,1937411948.6071
1761926400000,110132.6,110258.2,108494.5,109797.9,2035344843.9889
1761940800000,109797.9,109797.9,109251,109546.7,422001580.5257
1761955200000,109546.7,110240,109333,110183.3,510871188.6362
1761969600000,110183.3,110537.2,109874,110026.3,648065554.2793
1761984000000,110026.3,110232,109778.5,110105.2,309601755.8548
1761998400000,110105.2,110327.3,109661.7,110254.1,458463761.7667
1762012800000,110254.1,110495.1,110121.6,110240.8,286448677.7931
1762027200000,110240.8,110465,109763,110046,367816157.886
1762041600000,110046,110215.7,109821.8,110000,198542134.6544
1762056000000,110000,110989.5,109965.6,110847.1,549343170.6855
1762070400000,110847.1,111180,110301.4,111146.2,659786119.8544
1762084800000,111146.2,111200,110008.2,110046.1,844643623.1006
1762099200000,110046.1,110283.5,109603.2,110120.1,526974100.9074
1762113600000,110120.1,110699.8,109433,110493.5,529038264.4246
1762128000000,110493.5,110721.3,107835.7,107876.6,1466045639.2958
1762142400000,107876.6,108039.3,106949.3,107413.1,1669732094.0542
1762156800000,107413.1,107877.7,106700.5,107743.9,1440285712.1011
1762171200000,107743.9,108292,105415.2,105701,2955535754.574
1762185600000,105701,107734.6,105178.2,107040.2,2182528074.2077
1762200000000,107040.2,107133.8,105750,106536.4,1043340213.4877
1762214400000,106536.4,107266.7,105783.1,107093,1087178609.7668
1762228800000,107093,107254.7,104120,104431.3,2093405293.0375
1762243200000,104431.3,104657.2,103550.1,104531.4,1392025392.3967
1762257600000,104531.4,104813.5,102858.9,103152.6,2451974711.9837
1762272000000,103152.6,103465.1,99900.1,100490.3,4394396513.1679
1762286400000,100490.3,101867,98888.1,101441.9,3261152947.9489
1762300800000,101441.9,102234.7,98894.6,102093.6,2443693765.5436
1762315200000,102093.6,102312.3,101389.4,101944.7,892809070.3804
1762329600000,101944.7,102178.1,101122.8,102024.4,934577052.3083
1762344000000,102024.4,103750,101877.6,103676.1,2086195988.3065
1762358400000,103676.1,104495.4,102990.4,103949.6,1333065766.9236
1762372800000,103949.6,104500,103237.5,103835.2,870743258.9396
1762387200000,103835.2,103923.6,102662.8,103603.3,1087649804.7984
1762401600000,103603.3,104167,102848.2,103127.2,846264761.088
1762416000000,103127.2,103400,102580.5,103200,685053909.1767
1762430400000,103200,103616.4,101555.5,101964.3,2541458552.9007
1762444800000,101964.3,102353,100234.5,101326.1,2402066949.8289
1762459200000,101326.1,101607,100455,101296.2,979738462.5965
1762473600000,101296.2,102331.7,100682.7,101858.5,1057597739.0343
1762488000000,101858.5,102494.8,101530,101971.4,772818433.5184
1762502400000,101971.4,102019.1,99754.2,100339.5,1646789643.0292
1762516800000,100339.5,101223.7,99201.8,100755.8,2394465527.8536
1762531200000,100755.8,103368.9,100473.4,103367,2052402384.7897
1762545600000,103367,104047.6,102910,103300.5,935899189.8301
1762560000000,103300.5,103378.7,102460,102520.4,820822608.9904
1762574400000,102520.4,102797,101832.8,102292.2,629239635.5753
1762588800000,102292.2,102633.4,101670,101803.3,536198738.438
1762603200000,101803.3,102138.9,101408.7,101670,664825130.0312
1762617600000,101670,102174.1,101438.9,101940,468981742.8087
1762632000000,101940,102440,101893.3,102268.6,272502674.7961
1762646400000,102268.6,102300,101237.3,101608.3,575997744.8036
1762660800000,101608.3,102111.4,101586.4,101915.4,514497422.4356
1762675200000,101915.4,102310.5,101450,102208.5,702268066.6967
1762689600000,102208.5,104158.1,102000,103714.7,1532658633.7519
1762704000000,103714.7,104788,103271.4,104776.3,1209369716.3196
1762718400000,104776.3,105442.9,104050,104665,1266924638.142
1762732800000,104665,106634.8,104211.6,105982,1653310127.5103
1762747200000,105982,106500,105797.3,106431.9,807157380.2918
1762761600000,106431.9,106573.9,105775,106132.5,745373680.5907
1762776000000,106132.5,106585.7,104602.1,105025.8,1992092868.735
1762790400000,105025.8,106033.8,104728.8,105765.8,963804907.482
1762804800000,105765.8,106299.9,105200.4,105969.5,782405011.6417
1762819200000,105969.5,107481,105455.1,106411.8,1500045035.2172
1762833600000,106411.8,106500,104686,104730.1,1096921221.8568
1762848000000,104730.1,105458.7,104711.6,105258.1,653608381.5485
1762862400000,105258.1,105491.6,103149.2,103420.1,2264860749.5722
1762876800000,103420.1,103709.8,102804,103082.4,1320158790.9057
1762891200000,103082.4,103200,102420.5,103009.7,862501248.8914
1762905600000,103009.7,103417.2,102626.3,103272.7,659414175.1098
1762920000000,103272.7,103627.1,102959.4,103074.1,427684428.1336
1762934400000,103074.1,105189.2,103074.1,104998.5,1508294168.0293
1762948800000,104998.5,105316.9,101880,102110.2,2605162740.0612
1762963200000,102110.2,102233.4,100741.8,101240.3,2478752918.0231
1762977600000,101240.3,101961.8,101078.3,101595.6,713529653.1552
1762992000000,101595.6,102584.7,100855,102080,1307223889.7044
1763006400000,102080,104031.9,101579,103428,1845968348.8078
1763020800000,103428,103767.1,102482.7,102888.6,1076725277.4954
1763035200000,102888.6,103442,101116.4,101314,2535302232.6041
1763049600000,101314,101484,98053.3,98619.8,3912471261.2491
1763064000000,98619.8,100453,97931,99629,1757608037.0621
1763078400000,99629,99901.5,98628.1,99096.3,1344117966.8304
1763092800000,99096.3,99126.9,95858.6,97096.5,3226480166.0444
1763107200000,97096.5,97514.7,95656.2,96123.2,1444957833.9504
1763121600000,96123.2,97272.3,94500,96754.8,3521241702.9051
1763136000000,96754.8,97383.4,94737.7,95740.3,1967572366.2576
1763150400000,95740.3,95930.3,93905.9,94533.3,1783210090.5171
1763164800000,94533.3,96777,94511.7,96381.1,1083819400.1281
1763179200000,96381.1,96542.6,95871.3,96287.3,615204482.9959
1763193600000,96287.3,96311.8,95573.7,95660.9,627431058.3239
1763208000000,95660.9,96439.6,95526.6,96219.7,483524971.0354
1763222400000,96219.7,96362.9,95667.2,95961.9,516384377.2125
1763236800000,95961.9,95983,95038.1,95559.1,717699335.8426
1763251200000,95559.1,95949.8,94760.9,95774.7,581807931.455
1763265600000,95774.7,96170.1,95598.3,96060.8,369722983.6695
1763280000000,96060.8,96594.9,95456.1,95582.5,683562950.3594
1763294400000,95582.5,95860,94322,94535.7,961330109.9561
1763308800000,94535.7,95533.8,93652,93990,1876388844.3659
1763323200000,93990,94706.2,92920.1,94215.9,1717804409.5165
1763337600000,94215.9,95522.5,93723,95464.7,1198806744.6688
1763352000000,95464.7,95847.5,94843.1,95608.9,753774185.2186
1763366400000,95608.9,95989,95246.6,95530.9,749443043.788
1763380800000,95530.9,96046.2,93534,93912.4,2860400854.4165
1763395200000,93912.4,94394.3,91556.9,91650,2772441032.2473
1763409600000,91650,92370,91227.7,92171.4,1678572588.311
1763424000000,92171.4,92332.8,89655,90800.8,2594576773.2203
1763438400000,90800.8,90830.8,89243.1,90455.1,1991921123.4416
1763452800000,90455.1,91576.2,90455,91483.2,1331083065.9151
1763467200000,91483.2,93000,90868.8,92864.8,2812116068.2256
1763481600000,92864.8,93800,92545,93139,1779279981.8798
1763496000000,93139,93400,92401.9,92925,955835830.2254
1763510400000,92925,92950,91620,91838.3,1071182976.5788
1763524800000,91838.3,91975.2,89972.2,91812.2,1956163461.9735
1763539200000,91812.2,91918.9,91024.4,91362.8,1022085528.896
1763553600000,91362.8,92346.4,89801.4,89887.9,2337977898.089
1763568000000,89887.9,90176.4,88580.3,88850.1,2532834137.925
1763582400000,88850.1,91549.6,88571.6,91509,1798377674.1165
1763596800000,91509,92783,91150,92421.6,1279759950.4014
1763611200000,92421.6,93150,91666.9,92295.5,1282755373.8875
1763625600000,92295.5,92380,91387,91879.1,841210217.9365
1763640000000,91879.1,92500,89759.2,89809.3,2709795244.6843
1763654400000,89809.3,89878,86050.2,86877.7,4936065415.23
1763668800000,86877.7,88211,86280,86583,1717584193.9641
1763683200000,86583,87460,85308,85780,1903843904.8967
1763697600000,85780,86300,81300.8,84000.1,3876789976.6755
1763712000000,84000.1,84669.7,81602.3,82284.7,3290319593.0925
1763726400000,82284.7,85469.2,80607.9,82896.8,5206450180.3205
1763740800000,82896.8,85535.7,82280,84164.6,3008970734.0787
1763755200000,84164.6,85373,83412.2,85097.1,1357221470.9983
1763769600000,85097.1,85592.2,84166.7,84400.6,760319109.9814
1763784000000,84400.6,84767.1,83778,84544,618185619.9603
1763798400000,84544,84544,83457.5,84061.2,817794495.493
1763812800000,84061.2,84725.6,83571.2,84253,894590995.1684
1763827200000,84253,84888,84180.8,84572,347436988.7389
1763841600000,84572,85242,84182.7,84701.5,426570469.6467
1763856000000,84701.5,86300,84633,86267.2,910033362.4932
1763870400000,86267.2,86850,85371.5,85732.4,1003438940.7916
1763884800000,85732.4,86440.5,85725,86297.3,603821531.0327
1763899200000,86297.3,87203.9,86226.2,87029.6,1032857525.2374
1763913600000,87029.6,87635.9,86450,87279.9,1142859500.2812
1763928000000,87279.9,88082.9,86683.2,86802.8,1298807421.778
1763942400000,86802.8,88026.3,85895.7,87406.4,1806866989.0228
1763956800000,87406.4,87798.1,86392.7,87010.8,1160876131.6121
1763971200000,87010.8,87010.8,85645,86228.9,1233018318.1559
1763985600000,86228.9,86739.9,85211.1,86576.3,2491843797.1077
1764000000000,86576.3,88767.1,86576.2,88278.8,2282434314.6224
1764014400000,88278.8,89172.2,88191.3,88240.1,934412595.4221
1764028800000,88240.1,88247.1,87400,87759.7,899493525.6702
1764043200000,87759.7,88496,87288.4,87359.7,834276226.0535
1764057600000,87359.7,87577,86634.9,87306.8,977603095.4282
1764072000000,87306.8,87737.3,86050,86949,2091938304.0939
1764086400000,86949,88126.5,86112.2,86837.3,1667885814.797
1764100800000,86837.3,87856.4,86522,87315.5,1030744732.7149
1764115200000,87315.5,88200,87000.1,87069.2,897369574.0422
1764129600000,87069.2,87943.5,86840,87900,705703100.9581
1764144000000,87900,87911.4,86615,87047.2,803082153.7616
1764158400000,87047.2,87668.9,86252.6,86937.3,1452406694.8023
1764172800000,86937.3,90385.6,86923.9,89926.7,2332717672.7971
1764187200000,89926.7,90649.9,89468.1,90427,848551572.0002
1764201600000,90427,91848.8,90025,91037,1413811231.714
1764216000000,91037,91499,90849.4,91362,621568335.6929
1764230400000,91362,91902.7,91170.8,91334.7,737329585.3085
1764244800000,91334.7,91416,90410.7,90908,1142798301.4917
1764259200000,90908,91800,90796.5,91484.4,850074139.3782
1764273600000,91484.4,91566.5,91050,91284.2,414901775.0188
1764288000000,91284.2,91378.8,90603.3,91161.7,583487167.4677
1764302400000,91161.7,91683.6,90810,90851.9,686729423.8499
1764316800000,90851.9,91977.6,90845,91371.6,1057637037.4023
1764331200000,91371.6,93081,91319.2,92315.7,2174914410.8944
1764345600000,92315.7,92345,90151.9,91100.8,1821404179.5001
1764360000000,91100.8,91179,90628.9,90845.7,527027942.6426
1764374400000,90845.7,91071.3,90464.6,90626.4,326404790.8626
1764388800000,90626.4,90895.5,90263,90516.6,425189564.8875
1764403200000,90516.6,90691,90325.8,90630,296645488.6602
1764417600000,90630,91089,90482.8,91033.6,432849734.3997
1764432000000,91033.6,91128.9,90071.3,90603.3,750465117.0135
1764446400000,90603.3,91033.8,90346.8,90766.9,383728563.0478
1764460800000,90766.9,91031.8,90410,90881.6,280303420.8258
1764475200000,90881.6,91000,90622,90922.3,221158484.9037
1764489600000,90922.3,91590,90880.9,91002.7,691358482.4225
1764504000000,91002.7,91963.7,90943.8,91398.4,668346085.2708
1764518400000,91398.4,91818.8,91000,91412.7,455778102.686
1764532800000,91412.7,91609.1,90285.5,90308.6,734076189.9932
1764547200000,90308.6,90374.4,86127.4,86322.2,3299637480.6436
1764561600000,86322.2,86517.8,85560.2,86491.9,1228305850.1925
1764576000000,86491.9,86888,86076.2,86087.8,833681521.65
1764590400000,86087.8,86639.6,83755.3,84641.3,3454461778.0427
1764604800000,84641.3,85540.5,83989.1,84975.9,1917476646.4835
1764619200000,84975.9,86834.2,84961.5,86244.1,1492931703.1652
1764633600000,86244.1,87325.1,86148.4,86938.9,1160852912.1236
1764648000000,86938.9,87237.6,86770.4,86963.1,517103833.748
1764662400000,86963.1,87662.4,86252.1,87325.4,1224755527.9979
1764676800000,87325.4,91176.5,87006.4,90780.8,3249446308.3973
1764691200000,90780.8,92298.9,90156.3,91855.2,2262899590.7846
1764705600000,91855.2,91960,90674.9,91241.7,1272796847.2063
1764720000000,91241.7,93040.2,90945,92582.8,1371244664.9931
1764734400000,92582.8,93931.1,92577.6,92979.9,1775822073.2044
1764748800000,92979.9,93348.7,92583.5,92960.6,866532749.8925
1764763200000,92960.6,93685.3,91638.4,92337.8,2818964909.1559
1764777600000,92337.8,93512,91723.1,93000.6,1600794611.4838
1764792000000,93000.6,94189.4,92793.8,93390.1,1131233805.265
1764806400000,93390.1,94058.1,92619.8,93500.1,1103407785.8714
1764820800000,93500.1,93550,92740.9,93356.1,600067679.2897
1764835200000,93356.1,93595.9,92690,92893.5,640390796.4442
1764849600000,92893.5,93240.2,91750,92920.5,1663504773.5067
1764864000000,92920.5,93149.9,90800,91934.3,1867997801.7365
1764878400000,91934.3,92681.2,91631.9,92031.8,1041051145.4504
1764892800000,92031.8,92658.3,91926.6,92106,502166002.7605
1764907200000,92106,92457.6,91763.1,92224.4,623501688.5748
1764921600000,92224.4,92225.4,90864.3,91304.7,1051691924.8886
1764936000000,91304.7,91470.4,89855.2,90405.6,2394602997.3682
1764950400000,90405.6,90462.2,88002.1,89596.4,3080392048.8179
1764964800000,89596.4,89706.2,88849.1,89273.7,717693255.1892
1764979200000,89273.7,89749,88986.4,89633,364201734.6314
1764993600000,89633,89717.7,89418.4,89549,280842679.2889
1765008000000,89549,89688.8,89162.7,89583.2,379171465.3776
1765022400000,89583.2,90234.6,89433,89717.6,695059477.0387
1765036800000,89717.6,89937.5,89200,89363.7,449034411.5253
1765051200000,89363.7,89572.8,88860,89185.4,380747996.7911
1765065600000,89185.4,89717.7,89126.9,89679.4,254407579.4696
1765080000000,89679.4,89750,89156.2,89331.6,280212121.2544
1765094400000,89331.6,89496.2,89013.2,89099.9,373592599.3708
1765108800000,89099.9,89675,87680,89510.2,1788373635.0187
1765123200000,89510.2,91726.2,89067.6,91392.9,1723706249.2228
1765137600000,91392.9,91477,88914.6,90335.4,1541606889.3163
1765152000000,90335.4,91666.2,89814.1,91035.6,920419794.7191
1765166400000,91035.6,91845.6,90983.4,91526,514571275.6144
1765180800000,91526,92261.9,91444,91930,639173719.5659
1765195200000,91930,92090,89567.7,89907.4,2258073077.355
1765209600000,89907.4,90473,89620,90075.8,1144756369.1292
1765224000000,90075.8,91333,90075.8,90598,790116257.4736
1765238400000,90598,90807.6,89770.3,90369.8,619980017.5865
1765252800000,90369.8,90499.6,89406.7,90459.5,827241502.708
1765267200000,90459.5,90581.5,89837.1,90340.8,618184407.4507
1765281600000,90340.8,92859.3,89941,92670.4,1977832487.9926
1765296000000,92670.4,94550,92651.8,93761.7,2779789122.6451
1765310400000,93761.7,93815.1,92188.4,92636.1,1216542800.7856
1765324800000,92636.1,92745.7,91919.4,92363,657959021.152
1765339200000,92363,92771.3,92326.5,92747.5,370409261.3193
1765353600000,92747.5,93292.1,91710.3,92084,933755009.0402
1765368000000,92084,92209.6,91484.6,92020.3,828074171.337
1765382400000,92020.3,93233.2,91614.7,92921.2,2345988376.2809
1765396800000,92921.2,94457.8,91812,91971.7,2033410620.6245
1765411200000,91971.7,92057.2,89336.5,89829.1,1707952829.0191
1765425600000,89829.1,90440,89637.1,90232.8,640920764.6384
1765440000000,90232.8,90519,89891,90197.8,529538486.6569
1765454400000,90197.8,90638,89198.9,89827.5,1780749471.7728
1765468800000,89827.5,91510.2,89280,90791.1,1704789507.1518
1765483200000,90791.1,93544.9,90754.3,92483.7,1987249576.4621
1765497600000,92483.7,92730,91393.2,92236.4,912454046.4083
1765512000000,92236.4,92688,92040,92386.3,502373456.9971
1765526400000,92386.3,92600,92040.5,92374.3,439116523.8616
1765540800000,92374.3,92630.4,89736.4,89879.9,2273317081.1257
1765555200000,89879.9,90631.8,89416.7,90153.5,1805828806.9703
1765569600000,90153.5,90381.8,89838.3,90230.9,363586877.4977
1765584000000,90230.9,90428.5,90069.7,90300,245702827.9612
1765598400000,90300,90372.9,90202.8,90289.6,148264062.017
1765612800000,90289.6,90589.8,90242.6,90305.5,322684867.1963
1765627200000,90305.5,90460.9,89884,90050.9,451535096.4329
1765641600000,90050.9,90239.5,89946.9,90150,206635257.1397
1765656000000,90150,90236.2,89712.7,90186.4,295221140.1388
1765670400000,90186.4,90440.7,90072.4,90218,210547490.4509
1765684800000,90218,90296.3,90002.8,90204.2,221689857.3291
1765699200000,90204.2,90246.5,88638.6,89305.1,1100472985.5047
1765713600000,89305.1,89618.4,88816.5,88977,724640062.4711
1765728000000,88977,89359.6,88429.3,88597.5,697647851.7617
1765742400000,88597.5,88777,87521.9,88116,1012115329.2722
1765756800000,88116,89986,88017.6,89241.4,1048456937.2468
1765771200000,89241.4,89888.9,89233.2,89709.8,549022045.8035
1765785600000,89709.8,89950,89541.1,89619.9,478418155.4048
1765800000000,89619.9,89845,86575,86989.4,3044068469.8169
1765814400000,86989.4,87186.9,85080,86108.4,2635508071.7492
1765828800000,86108.4,86428.5,85462,86391.7,947939132.9176
1765843200000,86391.7,86480,85323.9,85835.9,759303513.9311
1765857600000,85835.9,86585.7,85222,85959.1,835404703.5129
1765872000000,85959.1,87300,85880.7,87220.9,811681210.2478
1765886400000,87220.9,88149.6,86072.6,87933.5,2872173839.3232
1765900800000,87933.5,88025.2,87020,87535.5,1280483988.4765
1765915200000,87535.5,87896.2,87298.8,87821.3,412597574.6691
1765929600000,87821.3,87930.5,87100,87173.9,550313291.7732
1765944000000,87173.9,87348.3,86166.3,86999.9,1042172221.1149
1765958400000,86999.9,87100,86172.9,86946.9,710772508.3414
1765972800000,86946.9,90341,86775.4,87185.2,4201829936.965
1765987200000,87185.2,87739.4,85259.2,85976.9,2743631119.7239
1766001600000,85976.9,86425.5,85610.9,86197.3,763148150.912
1766016000000,86197.3,86846.5,85810.2,86594.5,807641431.7812
1766030400000,86594.5,86880.9,86350,86794,483488013.5131
1766044800000,86794,87424.1,86642.8,87255.8,606406428.5237
1766059200000,87255.8,89483.5,87076.8,88484.3,3363158302.4394
1766073600000,88484.3,88519.4,84415.1,84433.1,3578414810.2653
1766088000000,84433.1,85816.1,84408.1,85470.1,1453854883.0234
1766102400000,85470.1,87536.5,85063,86853.2,1372890147.5743
1766116800000,86853.2,88362.4,86628.6,87913.9,1191864786.1128
1766131200000,87913.9,88355.3,87696.4,88168.4,769362769.0025
1766145600000,88168.4,89381,87443.9,87906.4,2418832276.069
1766160000000,87906.4,88855.6,86713,87800.5,1754908003.0516
1766174400000,87800.5,88441.2,87551.3,88101.1,646697056.881
1766188800000,88101.1,88299.6,87917.7,88167.2,241821868.0574
1766203200000,88167.2,88539.9,88073.8,88238.1,268003735.9008
1766217600000,88238.1,88396.2,88058.4,88232.5,225885845.088
1766232000000,88232.5,88307.3,87739.9,88133.9,414647024.6566
1766246400000,88133.9,88391.2,88034.7,88180.1,163625389.7483
1766260800000,88180.1,88417.3,88093.2,88314.8,186827084.0822
1766275200000,88314.8,88394,87812.7,88039.5,323696394.4135
1766289600000,88039.5,88160,87998.9,88130.6,164550315.931
1766304000000,88130.6,88753.5,88087.5,88617.8,211129621.1334
1766318400000,88567.2,88888.3,87533.7,88024.9,1230791708.8996
1766332800000,88024.9,88598.9,87902.5,88450.7,508165450.6508
1766347200000,88450.7,88783.1,88039.4,88629,316134776.1691
1766361600000,88629,89606.8,87844.9,88739.2,1244760240.2585
1766376000000,88739.2,89170,88669.1,89132.5,384876377.8991
1766390400000,89132.5,90110.9,89050.2,89900.9,1180798972.8461
1766404800000,89900.9,90588.8,89124.6,89687.7,1835469742.0971
1766419200000,89687.7,90091.3,87914.2,88002.1,1288503871.4777
1766433600000,88002.1,88784.3,87855.1,88578.3,767751210.7627
1766448000000,88578.3,88896,87745.9,88127.2,785249390.5107
1766462400000,88127.2,88401.1,86987.6,87522.7,967782004.3273
1766476800000,87522.7,87847.2,87260.1,87810.1,492962719.1648
1766491200000,87810.1,87930,86542.2,87410.2,1637062720.6186
1766505600000,87410.2,88250,87106.1,87708.6,1633885519.392
1766520000000,87708.6,88345.8,87113.8,87444,866478423.5295
1766534400000,87444,87800,86800.1,87299.8,612864026.6865
1766548800000,87299.8,87428.2,86731.8,86864,497904459.4862
1766563200000,86864,87328.8,86672.4,87159.1,428260007.0944
1766577600000,87159.1,87444,86363.3,87011.9,1225559200.1546
1766592000000,87011.9,87662.5,86880.2,87530,702006493.3174
1766606400000,87530,88032.9,87466.9,87636.3,416660609.0626
1766620800000,87636.3,87943.6,87478.7,87806.8,261637643.2133
1766635200000,87806.8,87832,87612.7,87799.9,171283638.4495
1766649600000,87799.9,87864,87203.4,87484.8,453505690.3565
1766664000000,87484.8,88565.5,87339.1,88339.1,737454673.3955
1766678400000,88339.1,88458.6,87910.6,88114.1,448055043.288
1766692800000,88114.1,88137.8,86902.2,87178.1,815237984.1904
1766707200000,87178.1,89404.9,86815.9,88796.4,1601946506.2226
1766721600000,88796.4,89539,88310,88440,888849414.6301
1766736000000,88440,88890,88371.8,88500.9,483751642.8853
1766750400000,88500.9,89069,86618.6,87101.2,2086034029.3973
1766764800000,87101.2,87546,86763.2,87453,783598614.6178
1766779200000,87453,87749,87267.3,87328.8,337117380.8213
1766793600000,87328.8,87491.2,87200.1,87471,156911520.084
1766808000000,87471,87670,87368.5,87492.1,147462346.6024
1766822400000,87492.1,87635.2,87328,87434,215703967.4193
1766836800000,87434,87558,87268.2,87518.4,140723612.4527
1766851200000,87518.4,87550.6,87400,87526.6,119792329.6405
1766865600000,87526.6,87958,87454,87835.6,314617000.9856
1766880000000,87835.6,87935,87681.1,87700,189571761.7214
1766894400000,87700,87807.6,87562.8,87711.1,189215290.9162
1766908800000,87711.1,87982.6,87679,87850,244866726.5126
1766923200000,87850,88064,87766,87798.9,233914251.1581
1766937600000,87798.9,87901,87445.5,87487.9,338423515.5905
1766952000000,87487.9,88041.1,87365.8,87909.9,308082900.5696
1766966400000,87909.9,90150,87768.5,90100.1,1570095257.7658
1766980800000,90100.1,90422,89444.5,89582.8,1043020232.7588
1766995200000,89582.8,89788,87515.1,87525.5,1525814013.9262
1767009600000,87525.5,88148.8,86753,87641.3,1941464764.1356
1767024000000,87641.3,87962.2,87266,87323.5,612535718.864
1767038400000,87323.5,87567.3,87029.3,87184.6,417292325.089
1767052800000,87184.6,87379.4,86779.2,87328.7,563005819.2521
1767067200000,87328.7,87564.5,87090.9,87441.5,321768656.3985
1767081600000,87441.5,88200,87441.5,87867.1,911740182.9293
1767096000000,87867.1,89127,87783.3,88969.2,1697560681.3197
1767110400000,88969.2,89373,87909.3,88190.1,1374109990.9972
1767124800000,88190.1,88553.2,87823.4,88458,465524875.389
1767139200000,88458,88849.3,88126.6,88425,514592221.6326
1767153600000,88425,88613.4,88272.7,88575.4,254013716.3133
1767168000000,88575.4,89059.8,88350.2,88976.2,472626587.8852
1767182400000,88976.2,89194.3,87730.5,87911.8,1313186323.0583
1767196800000,87911.8,88012.8,87342,87500,1051755158.7608
1767211200000,87500,87842,87177.8,87594.9,398352973.5759
1767225600000,87594.9,88054,87574,87822,279800700.1896
1767240000000,87822,87829.4,87515,87586.5,248136496.1671
1767254400000,87586.5,87991.4,87581.4,87980.5,271575708.3967
1767268800000,87980.5,88098.6,87754.3,87992.1,313982007.8164
1767283200000,87992.1,88499,87836.3,88356.3,493119937.3239
1767297600000,88356.3,88891.9,88209.1,88810.1,514712200.2787
1767312000000,88810.1,89100,88325.9,88919.8,666596172.9471
1767326400000,88919.8,89061.8,88530.4,88838.9,437838404.4497
1767340800000,88838.9,89946,88774.3,89468.5,1099809660.922
1767355200000,89468.5,90100,88413.6,89361,2197743650.8374
1767369600000,89361,90958.5,89151.8,89857,2257410188.3304
1767384000000,89857,90370.6,89575.1,89953.8,506654724.8825
1767398400000,89953.8,90360,89908.1,90284.2,225850239.4059
1767412800000,90284.2,90447.8,89255.1,89525,590100943.49
1767427200000,89525,89946.1,89371.6,89706.6,442064325.2525
1767441600000,89706.6,90200,89613,89934.3,393679516.0656
1767456000000,89934.3,90187.8,89866.9,90093,201964975.8777
1767470400000,90093,90706.4,89988.1,90599.9,427862111.0744
1767484800000,90599.9,91586.4,90599.9,91184.2,894533199.4658
1767499200000,91184.2,91775.6,91143.5,91493.7,575034575.7605
1767513600000,91493.7,91583.6,91117.8,91258.7,414098780.8372
1767528000000,91258.7,91379.5,90967.7,91283.8,373350880.3608
1767542400000,91283.8,91403.4,90809,91086.5,518780772.9178
1767556800000,91086.5,91550.6,91062.3,91490.7,342346453.4607
1767571200000,91490.7,93396,91469,92841.5,1932511961.9876
1767585600000,92841.5,92926.3,92108.2,92487,656017742.3031
1767600000000,92487,93129.9,92275.6,93103.6,685923981.2351
1767614400000,93103.6,93996.4,92350,93905,1885955243.458
1767628800000,93905,94482.4,93200.2,94246.2,1662522007.7051
1767643200000,94246.2,94749.9,93754,93825.5,968246150.6656
1767657600000,93825.5,94116.4,93469,93715.8,661420502.0089
1767672000000,93715.8,93961,93054.6,93207.7,621740075.7316
1767686400000,93207.7,93862.9,93128.1,93814.7,512922594.3758
1767700800000,93814.7,94405,93290.4,93597.9,1567088876.2104
1767715200000,93597.9,93727,91217.2,92077.3,2624297496.6202
1767729600000,92077.3,93841,92077.2,93714.6,1597080899.307
1767744000000,93714.6,93714.6,92201.4,92779.9,958586684.2743
1767758400000,92779.9,92889,92470,92845.2,436269376.1825
1767772800000,92845.2,92935.4,91533.4,92051,1128978942.273
1767787200000,92051,92259.1,90922.5,91309.4,2030412921.6578
1767801600000,91309.4,91772,90624.3,91156.6,1587477261.3362
1767816000000,91156.6,91450,90728.7,91332,705396768.3943
1767830400000,91332,91641.4,90555.3,90760.1,735042882.6285
1767844800000,90760.1,91147.9,89586.5,90489.9,1412233394.8879
1767859200000,90489.9,90720.1,89722,90189,977117435.7552
1767873600000,90189,90794.7,89262,90737.8,1821255135.1414
1767888000000,90737.8,91433,90250.1,90895.5,1329773193.8875
1767902400000,90895.5,91471.4,90512.1,91061.9,608471973.2648
1767916800000,91061.9,91597.3,90795,91197,595375438.1838
1767931200000,91197,91212.2,90699.7,90708.8,373425953.3864
1767945600000,90708.8,90821.9,89650.1,90413.9,1175439645.1276
1767960000000,90413.9,92001.6,89785,91146.1,2306663303.192
1767974400000,91146.1,91747.8,90128.7,90280,1305733897.8608
1767988800000,90280,90695,90076.6,90608.4,529827083.2973
1768003200000,90608.4,90758,90481.6,90592.1,183177655.49
1768017600000,90592.1,90650,90373.7,90643.7,140291187.284
1768032000000,90643.7,90812.1,90575.8,90691.5,236669462.9348
1768046400000,90691.5,90754.9,90490.2,90623,184648479.9347
1768060800000,90623,90734.7,90467,90590.6,149942615.7901
1768075200000,90590.6,90618.5,90332.8,90479.6,152364577.6048
1768089600000,90479.6,90709.6,90404.5,90701.3,114863449.6273
1768104000000,90701.3,90838.5,90545.8,90677.7,144907161.319
1768118400000,90677.7,90780.9,90562.6,90715.6,134361473.3686
1768132800000,90715.6,91174.1,90660,90835.4,427104061.4741
1768147200000,90835.4,91254.5,90615.5,90642.8,359332700.2161
1768161600000,90642.8,91000,90176.4,90962.6,655153757.0305
1768176000000,90962.6,92500,90624.7,91773,1430843688.2762
1768190400000,91773,92250,91339.9,91363.1,622571349.6747
1768204800000,91363.1,91592.7,90309,90572.2,1105128367.5948
1768219200000,90572.2,91650,90068,91634.2,1559101971.6569
1768233600000,91634.2,92300,90955.9,91820.9,1781532156.2366
1768248000000,91820.9,92018.3,90875.6,91248.7,591400614.1906
1768262400000,91248.7,91517.8,91003,91380.8,497108166.6291
1768276800000,91380.8,92248,91299.8,91920,903621542.3494
1768291200000,91920,92660,91893.1,91964.5,849609243.1222
1768305600000,91964.5,93415,91717.5,93414.9,2233780648.5312
1768320000000,93414.9,94210,93034.6,94180,1721285760.179
1768334400000,94180,96654,94026.2,95389.5,2815666897.9507
1768348800000,95389.5,95680,95099,95675.6,747409527.5483
1768363200000,95675.6,95774.6,94509,95189,979903892.4413
1768377600000,95189,95317.5,94694.3,94760.3,560085435.9516
1768392000000,94760.3,97090.1,94635.3,96708.6,2376351426.4637
1768406400000,96708.6,97750.2,96200,97216.4,2498136262.3795
1768420800000,97216.4,97963.2,96735.2,96900,1113534850.9131
1768435200000,96900,96948.3,95714.3,95933,897956326.7863
1768449600000,95933,96714.2,95913,96597.1,666603724.4323
1768464000000,96597.1,97174.5,96235.2,96530.9,715217684.1377
1768478400000,96530.9,97113.1,95347.7,96694.8,2001884258.7853
1768492800000,96694.8,97034.9,95100,95458.6,1568445596.7091
1768507200000,95458.6,95835,95071.8,95559.9,649286546.4143
1768521600000,95559.9,95818.2,95268.5,95296.6,437128329.7701
1768536000000,95296.6,95800,95072.9,95621.6,569205997.1792
1768550400000,95621.6,95819,95201.6,95377.5,418890250.3436
1768564800000,95377.5,95767.4,94241.3,94544.4,1656762817.4112
1768579200000,94544.4,95206.5,94452.6,94967.4,846739800.268
1768593600000,94967.4,95557.6,94629.7,95504.9,532833593.0155
1768608000000,95504.9,95553.6,95139.4,95319.1,201080964.8843
1768622400000,95319.1,95341.3,94989.1,95053.4,180122570.8889
1768636800000,95053.4,95269,94967.9,95269,173110623.5933
1768651200000,95269,95653.3,95140.8,95530,313422441.2447
1768665600000,95530,95530,95164,95247.2,277504825.686
1768680000000,95247.2,95378.9,94970.1,95103,247883071.3712
1768694400000,95103,95198.6,94816.4,95154.6,313575275.9553
1768708800000,95154.6,95220,94980,94988,177584961.6521
1768723200000,94988,95269,94973.9,95137.8,191166767.5247
1768737600000,95137.8,95339.9,94840.9,95060,374381111.6117
1768752000000,95060,95480,95013.9,95328.2,266158077.8043
1768766400000,95328.2,95490.5,93545,93624.6,1208754891.8821
1768780800000,93624.6,93624.6,91800.2,92636.7,2372202298.3252
1768795200000,92636.7,92814.5,92340.1,92780.1,413973126.3742
1768809600000,92780.1,93314,92631.3,93144.7,651805498.9227
1768824000000,93144.7,93190.1,92648.3,93010.1,572095872.9083
1768838400000,93010.1,93377,92869.7,93050.7,487737526.0089
1768852800000,93050.7,93299.9,92111.2,92584.3,699616570.1216
1768867200000,92584.3,92847.1,92203.1,92396.4,547027362.8319
1768881600000,92396.4,92435.6,90720.5,91124.9,1867281053.9084
1768896000000,91124.9,91415.9,90610.1,91177.3,730420304.0311
1768910400000,91177.3,91339,89800.5,90635.2,2164467634.5652
1768924800000,90635.2,90920,89228.2,89680.8,1576221885.7605
1768939200000,89680.8,89826,87773.1,88379.9,1612297540.1722
1768953600000,88379.9,89560,88202.2,89382.6,687952994.8177
1768968000000,89382.6,90099.6,89048.3,89175,709833557.5244
1768982400000,89175,89452.7,88642.2,88750.9,536966085.9081
1768996800000,88750.9,90542.2,88145.2,90235.2,2360285109.7283
1769011200000,90235.2,90440.3,87212,90329.5,3389047391.0386
1769025600000,90329.5,90361.5,89311.5,89410.1,1142500822.776
1769040000000,89410.1,90337.9,89410,89849.5,667751033.8474
1769054400000,89849.5,90174.1,89747,89772.6,440691663.8416
1769068800000,89772.6,90100,89701.9,89895,324114989.6175
1769083200000,89895,90296.8,88462.3,88945.4,1937044449.7519
1769097600000,88945.4,89883.9,88621,89730.9,1135060853.4231
1769112000000,89730.9,89909.2,89104,89511.7,508546321.7228
1769126400000,89511.7,89946,89399,89896,318610363.7911
1769140800000,89896,90062.7,89353.3,89483.2,395438467.5424
1769155200000,89483.2,89582.2,88806.8,89168.3,607955603.4942
1769169600000,89168.3,89822.8,88500,89707.1,1204895904.9514
1769184000000,89707.1,91180,89432.5,89936.6,2068963498.1922
1769198400000,89936.6,90113.7,89162,89551.7,534360861.8223
1769212800000,89551.7,89883.4,89375,89724.4,160861411.1045
1769227200000,89724.4,89810.1,89513.8,89570.1,138774179.8425
1769241600000,89570.1,89650,89532.7,89545.3,110658814.9989
1769256000000,89545.3,89550,89105.7,89236.1,332255710.7896
1769270400000,89236.1,89432.9,89113.2,89281.7,246978154.2508
1769284800000,89281.7,89455.7,89156.3,89177.1,130408330.5663
1769299200000,89177.1,89271.8,88800.1,88915.5,215025559.2375
1769313600000,88915.5,89074.5,88586.3,88620,305878708.1311
1769328000000,88620,88726.9,88100,88522.8,521752010.2841
1769342400000,88522.8,88937.4,88314,88407.9,516717267.3931
1769356800000,88407.9,88417.3,86142.3,86453.1,2295020958.8435
1769371200000,86453.1,86997.7,86031.4,86625.6,1293075064.9651
1769385600000,86625.6,87929.7,86446.8,87241.2,959395220.0814
1769400000000,87241.2,88043.4,87188,87964.3,504562502.5259
1769414400000,87964.3,88355,87555,87816,527620684.1526
1769428800000,87816,88843.9,87268.8,87598.9,1570353062.5209
1769443200000,87598.9,88524.2,86923.3,87969.1,1167203123.8784
1769457600000,87969.1,88631.2,87489.5,88305.1,566365071.8272
1769472000000,88305.1,88893.3,88150,88740,447757119.1662
1769486400000,88740,88977.7,88225.6,88282.8,372142368.2782
1769500800000,88282.8,88364.6,87688.1,87937,528898723.6173
1769515200000,87937,88400,87502,87990.6,944064342.8255
1769529600000,87990.6,88786.4,87234,88373.1,1644809885.4413
1769544000000,88373.1,89499.8,88331.3,89202.3,1313654713.1311
1769558400000,89202.3,89460.4,88923.8,89080,365187419.7944
1769572800000,89080,89366.3,88800,89105,401135863.6089
1769587200000,89105,90132,88815.6,90039.7,957952210.472
1769601600000,90039.7,90455.7,88836.3,89439.8,1682305505.7537
1769616000000,89439.8,90597,88951.1,89350.5,1869735567.7494
1769630400000,89350.5,89864.1,88813,89261.7,791958997.0446
1769644800000,89261.7,89312.7,87650,88012.2,1103674762.0081
1769659200000,88012.2,88389.8,87857.8,88314.5,382625507.97
1769673600000,88314.5,88458.8,87690.6,87786,721161358.6247
1769688000000,87786,88142.7,84300.3,84891.6,2952705706.2107
1769702400000,84891.6,85595.7,83311,83967.6,3058361084.7625
1769716800000,83967.6,84703.2,83773.2,84599.8,644226379.1954
1769731200000,84599.8,84692.3,81000,82628.9,2830029632.6193
1769745600000,82628.9,83297.9,82009.8,82755.3,1116453083.7446
1769760000000,82755.3,83263.5,82081.7,83103.7,863490953.0164
1769774400000,83103.7,83771.2,82316.3,82838.7,1599204485.995
1769788800000,82838.7,84635.7,81832,84210.7,2305832849.2306
1769803200000,84210.7,84481.5,83505,84222.5,996615130.3749
1769817600000,84222.5,84254.3,83778.4,83990.6,317949721.201
1769832000000,83990.6,84116.4,83360.3,83506.1,390494701.6384
1769846400000,83506.1,83599.1,82530,82978.6,618910951.1216
1769860800000,82978.6,83113.3,80750,81255.2,1845611613.2858
1769875200000,81255.2,82264.5,75689.6,77719.1,6298666405.0713
1769889600000,77719.1,79239.7,77033.2,78704.4,1739125213.5302
1769904000000,78704.4,79388.5,78252,78829.7,659417561.4097
1769918400000,78829.7,79074.3,77836.9,78315.5,684679264.6447
1769932800000,78315.5,79187,78116,78715.1,615646306.7842
1769947200000,78715.1,78734.5,76725.4,77564.3,1613700555.5257
1769961600000,77564.3,78409.1,76950.6,77143.8,1077840522.0152
1769976000000,77143.8,77770.7,75663.2,76938.5,2022927557.3743
1769990400000,76938.5,78177.9,74567.3,76268.9,2355331867.5691
1770004800000,76268.9,76932.9,74849.3,76606.1,1695889538.9945
1770019200000,76606.1,77939,76576.2,77727.2,1026468490.8654
1770033600000,77727.2,79388,77492.3,78794.9,2092009417.9213
1770048000000,78794.9,79245.4,78228.6,78290.1,959652385.7812
1770062400000,78290.1,78951.1,77850.9,78693.9,552176712.4666
1770076800000,78693.9,79177.7,77600.1,78709.6,761844321.3616
1770091200000,78709.6,78967.5,77909.8,78755.2,544751250.3021
