utc,date,time,open,high,low,close,volume
1674518400000,2023-01-24,00:00:00,22908.5,23165.5,22451,22631,3410870421.7224998474
1674604800000,2023-01-25,00:00:00,22631,23875,22319,23056.5,4984330211.5399999619
1674691200000,2023-01-26,00:00:00,23056.5,23289.5,22850.5,23005.5,2730267644.2899999619
1674777600000,2023-01-27,00:00:00,23005.5,23515.5,22523,23066,3591327453.4124999046
1674864000000,2023-01-28,00:00:00,23066,23193,22874,23022,1023166163.2745000124
1674950400000,2023-01-29,00:00:00,23022,23966,22962,23737.5,3612952190.0755000114
1675036800000,2023-01-30,00:00:00,23737.5,23799.5,22480.5,22830.5,4097042155.0190000534
1675123200000,2023-01-31,00:00:00,22830.5,23375,22723,23130,2713521388.4650001526
1675209600000,2023-02-01,00:00:00,23130,23866,22755,23729.5,3893625198.2845001221
1675296000000,2023-02-02,00:00:00,23729.5,24280,23360,23495.5,4375369902.1634998322
1675382400000,2023-02-03,00:00:00,23495.5,23723,23203,23433.5,2782902043.5100002289
1675468800000,2023-02-04,00:00:00,23433.5,23587.5,23260.5,23323.5,1115289656.9489998817
1675555200000,2023-02-05,00:00:00,23323.5,23434.5,22760,22934,2237306439.5679998398
1675641600000,2023-02-06,00:00:00,22934,23165,22612.5,22763.5,2349669091.5095000267
1675728000000,2023-02-07,00:00:00,22763.5,23363,22749.5,23244.5,2848507284.3645000458
1675814400000,2023-02-08,00:00:00,23244.5,23462.5,22669,22959,2377438172.117000103
1675900800000,2023-02-09,00:00:00,22959,23011,21698,21802,4581210558.5430002213
1675987200000,2023-02-10,00:00:00,21802,21939.5,21431.1,21624.2,2742615991.8548998833
1676073600000,2023-02-11,00:00:00,21624.2,21890,21602.5,21847.1,1131103724.3601000309
1676160000000,2023-02-12,00:00:00,21847.1,22079,21625.3,21776.9,1707507588.9156999588
1676246400000,2023-02-13,00:00:00,21776.9,21887,21327.5,21768,2801223867.0640997887
1676332800000,2023-02-14,00:00:00,21768,22310.7,21514.2,22184.1,3919136665.9130997658
1676419200000,2023-02-15,00:00:00,22184.1,24428.9,22032,24330.3,5808725359.1470003128
1676505600000,2023-02-16,00:00:00,24330.3,25296.1,23505,23515.5,7046553002.1884002686
1676592000000,2023-02-17,00:00:00,23515.5,25043.9,23340,24578,6883618742.5789003372
1676678400000,2023-02-18,00:00:00,24578,24886.6,24427.4,24637.9,1983493608.6373999119
1676764800000,2023-02-19,00:00:00,24637.9,25197.5,24168.8,24266.9,3889843124.8681001663
1676851200000,2023-02-20,00:00:00,24266.9,25149.6,23816.7,24853.5,4490657723.095700264
1676937600000,2023-02-21,00:00:00,24853.5,25295,24152,24455.5,5117621335.5789003372
1677024000000,2023-02-22,00:00:00,24455.5,24476,23570.3,24180.2,4922122712.9251003265
1677110400000,2023-02-23,00:00:00,24180.2,24602.9,23590.5,23936.4,4938993866.4703998566
1677196800000,2023-02-24,00:00:00,23936.4,24130,22800,23185.1,4623706697.7721004486
1677283200000,2023-02-25,00:00:00,23185.1,23212.8,22712.3,23154.8,1865580631.8989999294
1677369600000,2023-02-26,00:00:00,23154.8,23685.7,23060.1,23548.3,2432141542.9590997696
1677456000000,2023-02-27,00:00:00,23548.3,23889,23083.8,23484.1,3720091263.7793002129
1677542400000,2023-02-28,00:00:00,23484.1,23592.9,23010,23129.9,2821616351.4580998421
1677628800000,2023-03-01,00:00:00,23129.9,24028.4,23015,23630,4117360651.6266999245
1677715200000,2023-03-02,00:00:00,23630,23788.2,23186.4,23462.5,2532181221.8875999451
1677801600000,2023-03-03,00:00:00,23462.5,23469.9,21905,22345.8,4281190469.5500998497
1677888000000,2023-03-04,00:00:00,22345.8,22394.8,22152,22336.6,1013653605.756000042
1677974400000,2023-03-05,00:00:00,22336.6,22672.9,22173,22419,1633583086.6180999279
1678060800000,2023-03-06,00:00:00,22419,22594.7,22234.4,22398.5,1692261008.007600069
1678147200000,2023-03-07,00:00:00,22398.5,22541.2,21919,22188.9,3411630936.9025001526
1678233600000,2023-03-08,00:00:00,22188.9,22280,21559,21702,3517722602.3172001839
1678320000000,2023-03-09,00:00:00,21702,21837.5,20016,20355.6,6157356157.8837995529
1678406400000,2023-03-10,00:00:00,20355.6,20358.1,19535,20141.4,7172793273.1791000366
1678492800000,2023-03-11,00:00:00,20141.4,20671.2,19760,20450.1,3837788916.852399826
1678579200000,2023-03-12,00:00:00,20450.1,22139,20260.9,21978.9,5145954708.1153001785
1678665600000,2023-03-13,00:00:00,21978.9,24560,21804,24112.2,9575542086.4036006927
1678752000000,2023-03-14,00:00:00,24112.2,26500,23966,24684.7,11936024641.4316997528
1678838400000,2023-03-15,00:00:00,24684.7,25211,23868.1,24284.9,7547672739.1841001511
1678924800000,2023-03-16,00:00:00,24284.9,25175,24123.2,24989.2,4989955300.7133998871
1679011200000,2023-03-17,00:00:00,24989.2,27766,24878.6,27382.2,10770697511.789899826
1679097600000,2023-03-18,00:00:00,27382.2,27720,26555,26898.2,5403574171.1330003738
1679184000000,2023-03-19,00:00:00,26898.2,28417.1,26816.2,27962.1,5956281052.0047998428
1679270400000,2023-03-20,00:00:00,27962.1,28480,27123,27703.6,6997766227.8115997314
1679356800000,2023-03-21,00:00:00,27703.6,28471,27292.2,28090,5299665860.1813001633
1679443200000,2023-03-22,00:00:00,28090,28897,26583.4,27233.8,8940862673.1833992004
1679529600000,2023-03-23,00:00:00,27233.8,28780,27103.5,28278,6673603396.2836999893
1679616000000,2023-03-24,00:00:00,28278,28353.2,26956,27437.2,5519605986.329199791
1679702400000,2023-03-25,00:00:00,27437.2,27787.5,27132,27444.9,2708059174.3894000053
1679788800000,2023-03-26,00:00:00,27444.9,28196.7,27402.4,27951.6,2980649722.5608000755
1679875200000,2023-03-27,00:00:00,27951.6,28010,26474.3,27108.3,5021126445.4682998657
1679961600000,2023-03-28,00:00:00,27108.3,27497,26611,27243.5,4478318422.9006004333
1680048000000,2023-03-29,00:00:00,27243.5,28644.5,27220,28330,5467535661.2550001144
1680134400000,2023-03-30,00:00:00,28330,29197.2,27650,28008.1,6679349074.5264997482
1680220800000,2023-03-31,00:00:00,28008.1,28675.1,27486.6,28452.1,5025105883.8313999176
1680307200000,2023-04-01,00:00:00,28452.1,28838.6,28182.5,28435.1,2160000129.701499939
1680393600000,2023-04-02,00:00:00,28435.1,28525,27822.8,28155.9,2695490000.3491997719
1680480000000,2023-04-03,00:00:00,28155.9,28550,27175,27788.7,5690446928.6773996353
1680566400000,2023-04-04,00:00:00,27788.7,28438.4,27648.2,28149.7,3525060144.8336000443
1680652800000,2023-04-05,00:00:00,28149.7,28797.1,27777.2,28154.7,4665558840.7854995728
1680739200000,2023-04-06,00:00:00,28154.7,28173.5,27670,28022.1,2913129069.997399807
1680825600000,2023-04-07,00:00:00,28022.1,28094.1,27755,27884.2,1799034557.6456000805
1680912000000,2023-04-08,00:00:00,27884.2,28164.2,27846,27929.7,1286645219.2955000401
1680998400000,2023-04-09,00:00:00,27929.7,28524.4,27764,28309.7,2294136814.3605999947
1681084800000,2023-04-10,00:00:00,28309.7,29864,28136.6,29628.1,5213714179.5604000092
1681171200000,2023-04-11,00:00:00,29628.1,30560.5,29579.5,30179,5581897536.2089004517
1681257600000,2023-04-12,00:00:00,30179,30480,29630,29871,4940504165.8051996231
1681344000000,2023-04-13,00:00:00,29871,30600,29845,30366.2,3727793643.8074998856
1681430400000,2023-04-14,00:00:00,30366.2,31061.7,29936,30438.2,5662823330.6900997162
1681516800000,2023-04-15,00:00:00,30438.2,30583,30180,30293.7,1471776862.9572000504
1681603200000,2023-04-16,00:00:00,30293.7,30565.4,30114,30295.9,1904768578.5903000832
1681689600000,2023-04-17,00:00:00,30295.9,30308.3,29219,29421.8,3906415738.0433998108
1681776000000,2023-04-18,00:00:00,29421.8,30500,29060,30382.5,5066297588.3952999115
1681862400000,2023-04-19,00:00:00,30382.5,30416.2,28555,28797.1,6834070247.6246004105
1681948800000,2023-04-20,00:00:00,28797.1,29082.8,27981.4,28235.6,5828886918.4245004654
1682035200000,2023-04-21,00:00:00,28235.6,28368,27058,27253.2,5660228740.2899999619
1682121600000,2023-04-22,00:00:00,27253.2,27880.4,27130,27799.2,2599832312.50330019
1682208000000,2023-04-23,00:00:00,27799.2,27800,27302.2,27572.8,2628771836.1325001717
1682294400000,2023-04-24,00:00:00,27572.8,27989,26933,27493.1,4877450310.8668003082
1682380800000,2023-04-25,00:00:00,27493.1,28388,27181.1,28277.3,4406956597.3001003265
1682467200000,2023-04-26,00:00:00,28277.3,30062,27200,28401.9,11757773621.238199234
1682553600000,2023-04-27,00:00:00,28401.9,29883.5,28368.8,29458.2,8489089570.5834999084
1682640000000,2023-04-28,00:00:00,29458.2,29593.8,28870,29296.1,4136619101.7758002281
1682726400000,2023-04-29,00:00:00,29296.1,29427.9,29010.1,29211.9,1629073994.7660999298
1682812800000,2023-04-30,00:00:00,29211.9,29955,29074.8,29217,3793737222.6185998917
1682899200000,2023-05-01,00:00:00,29217,29328.4,27640.1,28051.2,6113401901.0190000534
1682985600000,2023-05-02,00:00:00,28051.2,28869,27860,28655.1,4761864352.7433004379
1683072000000,2023-05-03,00:00:00,28655.1,29262.8,28069.1,29014,5838404692.5690002441
1683158400000,2023-05-04,00:00:00,29014,29384.2,28631.2,28818.9,3535694049.0869002342
1683244800000,2023-05-05,00:00:00,28818.9,29674,28750,29495.2,4691247533.5212001801
1683331200000,2023-05-06,00:00:00,29495.2,29833,28325,28833.3,3670661465.6421999931
1683417600000,2023-05-07,00:00:00,28833.3,29129.3,28370,28413.9,2572795074.7519001961
1683504000000,2023-05-08,00:00:00,28413.9,28615,27250,27653.4,5177694021.2952003479
1683590400000,2023-05-09,00:00:00,27653.4,27810.6,27333.3,27618.3,2575524595.1842999458
1683676800000,2023-05-10,00:00:00,27618.3,28293,26700,27577.3,6060692158.4758996964
1683763200000,2023-05-11,00:00:00,27577.3,27618,26650,26955.1,4018396768.1894001961
1683849600000,2023-05-12,00:00:00,26955.1,27078.9,25764,26779.3,4685360473.8752002716
1683936000000,2023-05-13,00:00:00,26779.3,27036.5,26675.9,26767.1,1667726653.5211999416
1684022400000,2023-05-14,00:00:00,26767.1,27198.6,26534.3,26903,1723485752.8299999237
1684108800000,2023-05-15,00:00:00,26903,27648,26700.2,27148.4,3490306600.796500206
1684195200000,2023-05-16,00:00:00,27148.4,27288,26818,27020.4,2700732408.8791999817
1684281600000,2023-05-17,00:00:00,27020.4,27565.2,26501.4,27388.8,3760642697.8605999947
1684368000000,2023-05-18,00:00:00,27388.8,27474.6,26341.3,26803.6,3875650643.0815000534
1684454400000,2023-05-19,00:00:00,26803.6,27172.9,26602.7,26868.8,2268630494.203499794
1684540800000,2023-05-20,00:00:00,26868.8,27134,26816.2,27089.1,1264665957.6930000782
1684627200000,2023-05-21,00:00:00,27089.1,27282.1,26653.8,26734.3,1942824638.9010999203
1684713600000,2023-05-22,00:00:00,26734.3,27099.3,26510,26834.7,2375550628.8348999023
1684800000000,2023-05-23,00:00:00,26834.7,27495.6,26787.6,27209.9,2718362458.8575000763
1684886400000,2023-05-24,00:00:00,27209.9,27210,26050,26311,4041733543.8741998672
1684972800000,2023-05-25,00:00:00,26311,26627.4,25851,26456.6,2879447652.5232000351
1685059200000,2023-05-26,00:00:00,26456.6,26929.9,26306.8,26695,2477370418.4352002144
1685145600000,2023-05-27,00:00:00,26695,26897.6,26530,26838.5,1103041088.5725998878
1685232000000,2023-05-28,00:00:00,26838.5,28280,26751.7,28049.9,3587769686.2769999504
1685318400000,2023-05-29,00:00:00,28049.9,28449,27510,27722,3153252830.0947999954
1685404800000,2023-05-30,00:00:00,27722,28036.7,27529,27681.2,2696239442.6669001579
1685491200000,2023-05-31,00:00:00,27681.2,27824,26817,27199,3408513089.6845998764
1685577600000,2023-06-01,00:00:00,27199,27343.4,26584.6,26809.5,3111011541.6128001213
1685664000000,2023-06-02,00:00:00,26809.5,27293.4,26480.7,27238.1,2716292534.8295001984
1685750400000,2023-06-03,00:00:00,27238.1,27324.9,26905.9,27059.1,1087258326.9110000134
1685836800000,2023-06-04,00:00:00,27059.1,27450,26946.4,27105.5,1441799409.6391999722
1685923200000,2023-06-05,00:00:00,27105.5,27116.5,25361.5,25717.2,5505168363.7159004211
1686009600000,2023-06-06,00:00:00,25717.2,27356.7,25324.2,27216.9,5624667974.1600999832
1686096000000,2023-06-07,00:00:00,27216.9,27397,26115.4,26323.4,4475077748.5896997452
1686182400000,2023-06-08,00:00:00,26323.4,26810.5,26190.3,26485.1,2368531561.0617
1686268800000,2023-06-09,00:00:00,26485.1,26770,26260,26466.9,1984628404.0527
1686355200000,2023-06-10,00:00:00,26466.9,26527.7,25334,25826.1,4455332791.3724
1686441600000,2023-06-11,00:00:00,25826.1,26196.8,25615.9,25915.1,1762498864.1689
1686528000000,2023-06-12,00:00:00,25915.1,26095,25603.8,25895.3,2137309689.4964
1686614400000,2023-06-13,00:00:00,25895.3,26420,25708.1,25920.5,3207407989.7528
1686700800000,2023-06-14,00:00:00,25920.5,26098.4,24779.5,25113.9,3599141653.5987
1686787200000,2023-06-15,00:00:00,25113.9,25750,24780,25585.9,3173525288.6446
1686873600000,2023-06-16,00:00:00,25585.9,26500,25155,26325.2,4268827209.0739
1686960000000,2023-06-17,00:00:00,26325.2,26886.8,26164.6,26505,2389027318.7239
1687046400000,2023-06-18,00:00:00,26505,26698,26232,26333.5,1685831377.1065
1687132800000,2023-06-19,00:00:00,26333.5,27063.8,26250,26827.4,3295780518.1955
1687219200000,2023-06-20,00:00:00,26827.4,28390.8,26642.1,28286,6497321290.16
1687305600000,2023-06-21,00:00:00,28286,30800,28240,29985.7,10209360803.4571
1687392000000,2023-06-22,00:00:00,29985.7,30497.6,29503.4,29876.4,4917856484.9114
1687478400000,2023-06-23,00:00:00,29876.4,31444,29785.3,30674.1,7268742842.724
1687564800000,2023-06-24,00:00:00,30674.1,30797.9,30248.1,30528,2511592258.6334
1687651200000,2023-06-25,00:00:00,30528,31042.1,30260,30460.1,2706715219.6808
1687737600000,2023-06-26,00:00:00,30460.1,30649.6,29917,30262.2,3745593356.01
1687824000000,2023-06-27,00:00:00,30262.2,30997,30217.1,30680.7,3900764900.1707
1687910400000,2023-06-28,00:00:00,30680.7,30694.7,29817,30057.9,3989396164.3963
1687996800000,2023-06-29,00:00:00,30057.9,30830,30027.8,30433.7,3360895348.1473
1688083200000,2023-06-30,00:00:00,30433.7,31291.9,29412.8,30465.5,8868350353.128
1688169600000,2023-07-01,00:00:00,30465.5,30650,30312,30577,1123203899.9337
1688256000000,2023-07-02,00:00:00,30577,30790,30138.4,30601.9,2145330670.8718
1688342400000,2023-07-03,00:00:00,30601.9,31399.4,30541.6,31149.1,3497305916.2646
1688428800000,2023-07-04,00:00:00,31149.1,31319.2,30602.8,30754.1,2702764473.1486
1688515200000,2023-07-05,00:00:00,30754.1,30869.1,30176.6,30485.3,2960374631.6854
1688601600000,2023-07-06,00:00:00,30485.3,31543.1,29810.1,29875.1,6741087062.6485
1688688000000,2023-07-07,00:00:00,29875.1,30445.6,29675.1,30331.5,2905840190.9896
1688774400000,2023-07-08,00:00:00,30331.5,30377.1,30025,30271.3,1001097146.0501
1688860800000,2023-07-09,00:00:00,30271.3,30451,30052,30150,1253744513.3903
1688947200000,2023-07-10,00:00:00,30150,31035.5,29927.5,30399.1,3861196943.7386
1689033600000,2023-07-11,00:00:00,30399.1,30811.2,30251.5,30602.9,2749091027.7292
1689120000000,2023-07-12,00:00:00,30602.9,30962.2,30185,30367.8,3898662201.2371
1689206400000,2023-07-13,00:00:00,30367.8,31843.9,30236.9,31437.3,6275580830.3145
1689292800000,2023-07-14,00:00:00,31437.3,31635.1,29873,30294.8,4732575969.565
1689379200000,2023-07-15,00:00:00,30294.8,30384,30221.3,30268.6,683139643.731
1689465600000,2023-07-16,00:00:00,30268.6,30445.4,30038.2,30221.4,1328749649.3135
1689552000000,2023-07-17,00:00:00,30221.4,30318.8,29610,30120,2960409996.3955
1689638400000,2023-07-18,00:00:00,30120,30224.6,29362,29851,2963548152.0689
1689724800000,2023-07-19,00:00:00,29851,30189.9,29734.6,29888.8,2429854456.578
1689811200000,2023-07-20,00:00:00,29888.8,30407,29488.1,29792.9,3672003277.7865
1689897600000,2023-07-21,00:00:00,29792.9,30050,29710.9,29888.4,1538148862.9397
1689984000000,2023-07-22,00:00:00,29888.4,29992.3,29608.6,29774,920133596.0501
1690070400000,2023-07-23,00:00:00,29774,30330,29717,30071.1,1696034369.1711
1690156800000,2023-07-24,00:00:00,30071.1,30084,28851,29158.9,3600900051.1665
1690243200000,2023-07-25,00:00:00,29158.9,29367,29026.7,29217.2,1455633825.0969
1690329600000,2023-07-26,00:00:00,29217.2,29665.1,29076,29336.7,2751060596.6898
1690416000000,2023-07-27,00:00:00,29336.7,29552.6,29069.4,29209.6,1800756371.6629
1690502400000,2023-07-28,00:00:00,29209.6,29545.8,29111.2,29299.8,2019546148.2378
1690588800000,2023-07-29,00:00:00,29299.8,29396.9,29242.4,29340.3,600270114.8896
1690675200000,2023-07-30,00:00:00,29340.3,29444.9,29000.4,29273.1,1535754099.9567
1690761600000,2023-07-31,00:00:00,29273.1,29520,29100,29224.4,2102614135.8723
1690848000000,2023-08-01,00:00:00,29224.4,29727.6,28555.6,29700.1,4467206955.1598
1690934400000,2023-08-02,00:00:00,29700.1,30040,28901.6,29169.8,4489297997.4171
1691020800000,2023-08-03,00:00:00,29169.8,29433,28951,29177.6,2440332342.3272
1691107200000,2023-08-04,00:00:00,29177.6,29320,28788,29102.5,2080074294.8689
1691193600000,2023-08-05,00:00:00,29102.5,29140.7,28970.3,29055.9,611459150.0923
1691280000000,2023-08-06,00:00:00,29055.9,29195,28980,29075.7,715862422.666
1691366400000,2023-08-07,00:00:00,29075.7,29290,28677.1,29200,2584623443.3063
1691452800000,2023-08-08,00:00:00,29200,30265.8,29126.4,29755.1,4774212379.7127
1691539200000,2023-08-09,00:00:00,29755.1,30129,29364.6,29565.8,3734447979.2159
1691625600000,2023-08-10,00:00:00,29565.8,29732.3,29308.8,29441.4,2224975076.9196
1691712000000,2023-08-11,00:00:00,29441.4,29573,29215.1,29413.9,1762088712.0247
1691798400000,2023-08-12,00:00:00,29413.9,29469,29371.2,29417.8,435437192.5482
1691884800000,2023-08-13,00:00:00,29417.8,29463.8,29266.6,29301.3,726325450.52
1691971200000,2023-08-14,00:00:00,29301.3,29680,29080,29422.6,2699607516.2391
1692057600000,2023-08-15,00:00:00,29422.6,29496.1,29049.7,29194.4,1708911478.6371
1692144000000,2023-08-16,00:00:00,29194.4,29258.7,28714.1,28727.8,2856313972.6675
1692230400000,2023-08-17,00:00:00,28727.8,28780,24200.9,26610.1,9796808419.3312
1692316800000,2023-08-18,00:00:00,26610.1,26820,25572.9,26040.5,4809396819.7104
1692403200000,2023-08-19,00:00:00,26040.5,26263.3,25785.7,26088.8,1672687739.8096
1692489600000,2023-08-20,00:00:00,26088.8,26307,25940.2,26176.5,1325109502.0931
1692576000000,2023-08-21,00:00:00,26176.5,26279.7,25794.2,26112.9,2138719355.8967
1692662400000,2023-08-22,00:00:00,26112.9,26127.4,25267.3,26044,3054563472.8489
1692748800000,2023-08-23,00:00:00,26044,26823.8,25801,26422.9,4004699107.3905
1692835200000,2023-08-24,00:00:00,26422.9,26573.6,25834,26161.6,2877537696.7115
1692921600000,2023-08-25,00:00:00,26161.6,26301.3,25755,26045.9,2730966889.1731
1693008000000,2023-08-26,00:00:00,26045.9,26115,25974.3,26008.5,626920768.4955
1693094400000,2023-08-27,00:00:00,26008.5,26170,25957.3,26085.4,1391706882.6304
1693180800000,2023-08-28,00:00:00,26085.4,26243.5,25842,26102.4,2070158788.9095
1693267200000,2023-08-29,00:00:00,26102.4,28140.8,25910.9,27702.6,7530797181.2863
1693353600000,2023-08-30,00:00:00,27702.6,27756.2,26969.5,27282.7,3334714060.04
1693440000000,2023-08-31,00:00:00,27282.7,27627.5,25627.2,25924.1,6116726550.3704
1693526400000,2023-09-01,00:00:00,25924.1,26145,25305.4,25793.7,3830517039.082
1693612800000,2023-09-02,00:00:00,25793.7,25975,25742.5,25857.7,871572007.4666
1693699200000,2023-09-03,00:00:00,25857.7,26133,25783,25959.9,1234235741.6205
1693785600000,2023-09-04,00:00:00,25959.9,26089,25616.3,25811.9,1695988201.7713
1693872000000,2023-09-05,00:00:00,25811.9,25900,25542,25781.9,1565098519.923
1693958400000,2023-09-06,00:00:00,25781.9,26052.4,25342.4,25749.5,2401426407.1948
1694044800000,2023-09-07,00:00:00,25749.5,26450,25601.7,26245.2,2578173332.5261
1694131200000,2023-09-08,00:00:00,26245.2,26436.3,25631.9,25896.9,2408461411.1495
1694217600000,2023-09-09,00:00:00,25896.9,25939.8,25784.8,25889.7,446122956.6059
1694304000000,2023-09-10,00:00:00,25889.7,26020,25543.1,25826.4,1435018130.4767
1694390400000,2023-09-11,00:00:00,25826.4,25890,24853.4,25154.7,4355505884.6437
1694476800000,2023-09-12,00:00:00,25154.7,26584,25122,25825,5694332535.2276
1694563200000,2023-09-13,00:00:00,25825,26397,25740.5,26207.8,3298828903.4103
1694649600000,2023-09-14,00:00:00,26207.8,26863.2,26105.5,26510,3415713966.3505
1694736000000,2023-09-15,00:00:00,26510,26890.9,26204.8,26588.9,2485053914.1276
1694822400000,2023-09-16,00:00:00,26588.9,26765.4,26430,26550,1104773651.312
1694908800000,2023-09-17,00:00:00,26550,26609.3,26380,26514.6,882787603.7221
1694995200000,2023-09-18,00:00:00,26514.6,27400,26350.3,26749.3,4978997730.3805
1695081600000,2023-09-19,00:00:00,26749.3,27484.9,26651.1,27193,4134514448.4596
1695168000000,2023-09-20,00:00:00,27193,27383.1,26710.5,27110.6,3517385966.2354
1695254400000,2023-09-21,00:00:00,27110.6,27149.9,26363,26554.5,3548554441.7792
1695340800000,2023-09-22,00:00:00,26554.5,26732.9,26455.3,26565.7,1470519674.7242
1695427200000,2023-09-23,00:00:00,26565.7,26620,26496.1,26565.6,404189897.7136
1695513600000,2023-09-24,00:00:00,26565.6,26724.9,26079,26232.9,1376155093.0621
1695600000000,2023-09-25,00:00:00,26232.9,26437,25971.3,26287.5,2722911571.6798
1695686400000,2023-09-26,00:00:00,26287.5,26382.5,26075.6,26207.4,1700119068.5129
1695772800000,2023-09-27,00:00:00,26207.4,26838.7,26087.5,26359.5,3624261854.227
1695859200000,2023-09-28,00:00:00,26359.5,27312.7,26322,27010.7,4474100609.1606
1695945600000,2023-09-29,00:00:00,27010.7,27238.9,26641,26894.7,2830366251.8437
1696032000000,2023-09-30,00:00:00,26894.7,27082,26876.2,26953.5,733983297.0825
1696118400000,2023-10-01,00:00:00,26953.5,28350,26942.9,27979,2539825526.5593
1696204800000,2023-10-02,00:00:00,27979,28591.7,27253.6,27484.1,6464720379.4884
1696291200000,2023-10-03,00:00:00,27484.1,27662,27150.5,27413.2,2895036422.9711
1696377600000,2023-10-04,00:00:00,27413.2,27825,27175.6,27764.7,3013819936.0836
1696464000000,2023-10-05,00:00:00,27764.7,28115,27336.6,27397.3,3824597664.3841
1696550400000,2023-10-06,00:00:00,27397.3,28285,27132,27912.5,4690417625.645
1696636800000,2023-10-07,00:00:00,27912.5,28020.8,27817.5,27942.3,1031568952.7547
1696723200000,2023-10-08,00:00:00,27942.3,28077.7,27665.1,27899,1689228513.0056
1696809600000,2023-10-09,00:00:00,27899,27971.5,27250,27579.2,3515633960.112
1696896000000,2023-10-10,00:00:00,27579.2,27721.7,27282.3,27378,2687780705.9406
1696982400000,2023-10-11,00:00:00,27378,27465.4,26523,26865.5,4421165371.8885
1697068800000,2023-10-12,00:00:00,26865.5,26932,26540.1,26746.4,2223943068.5571
1697155200000,2023-10-13,00:00:00,26746.4,27120.1,26670.2,26846.7,2536370019.5043
1697241600000,2023-10-14,00:00:00,26846.7,26978.8,26780,26841.6,663208238.7358
1697328000000,2023-10-15,00:00:00,26841.6,27283.1,26800,27139.3,1574580429.2453
1697414400000,2023-10-16,00:00:00,27139.3,30625.8,27098,28480.9,10411193399.5936
1697500800000,2023-10-17,00:00:00,28480.9,28600,28026,28380.7,3334895536.6821
1697587200000,2023-10-18,00:00:00,28380.7,28993.7,28125,28309.1,3283034624.2223
1697673600000,2023-10-19,00:00:00,28309.1,28922.1,28074,28696.9,3544393612.4373
1697760000000,2023-10-20,00:00:00,28696.9,30260,28555.6,29652.7,6285962238.2773
1697846400000,2023-10-21,00:00:00,29652.7,30382,29450.3,29891.6,3001302680.4572
1697932800000,2023-10-22,00:00:00,29891.6,30321,29605.9,29978.7,2337862568.1125
1698019200000,2023-10-23,00:00:00,29978.7,36743.5,29875,33092.9,12576797402.4785
1698105600000,2023-10-24,00:00:00,33092.9,35299.9,32843.3,33935.8,10850154732.0706
1698192000000,2023-10-25,00:00:00,33935.8,35184.8,33685,34505,6277178201.7291
1698278400000,2023-10-26,00:00:00,34505,34845.1,33751,34166.1,4139243186.5319
1698364800000,2023-10-27,00:00:00,34166.1,34276.3,33350,33911,3616224865.9463
1698451200000,2023-10-28,00:00:00,33911,34592.7,33881,34097.4,1858806789.3522
1698537600000,2023-10-29,00:00:00,34097.4,34795,33936.1,34535.8,2232426800.0183
1698624000000,2023-10-30,00:00:00,34535.8,34913.2,34026.4,34501.6,3463482158.5895
1698710400000,2023-10-31,00:00:00,34501.6,34761,34041.4,34667.1,3236108458.4683
1698796800000,2023-11-01,00:00:00,34667.1,35749.8,34058,35442.4,6819721452.219
1698883200000,2023-11-02,00:00:00,35442.4,36084.2,34295.7,34958.5,6606207018.2113
1698969600000,2023-11-03,00:00:00,34958.5,34959.7,34131.7,34720.1,5508892755.7499
1699056000000,2023-11-04,00:00:00,34720.1,35279,34588.2,35075,2354573775.1402
1699142400000,2023-11-05,00:00:00,35075,35449,34415.8,35035.8,4024772541.1048
1699228800000,2023-11-06,00:00:00,35035.8,35310.9,34750,35072.9,3138674464.2879
1699315200000,2023-11-07,00:00:00,35072.9,35927.9,34526.6,35424.5,5169331494.7747
1699401600000,2023-11-08,00:00:00,35424.5,36187.7,35075,35641.7,5050664117.2441
1699488000000,2023-11-09,00:00:00,35641.7,38149,35554.2,36726.5,12609017140.538
1699574400000,2023-11-10,00:00:00,36726.5,37604.2,36360,37335.2,4764244196.8123
1699660800000,2023-11-11,00:00:00,37335.2,37429.3,36613.6,37163,2358067377.646
1699747200000,2023-11-12,00:00:00,37163,37260.3,36748.8,37089.5,1618511816.036
1699833600000,2023-11-13,00:00:00,37089.5,37473,36327.9,36485.2,4086121739.2641
1699920000000,2023-11-14,00:00:00,36485.2,36786.2,34542.9,35560.5,6676126778.9306
1700006400000,2023-11-15,00:00:00,35560.5,38016.9,35384.9,37893.9,7336292679.0934
1700092800000,2023-11-16,00:00:00,37893.9,37968.1,35500,36178.5,6911098056.39
1700179200000,2023-11-17,00:00:00,36178.5,36939.1,35870.4,36638.2,5064114300.0386
1700265600000,2023-11-18,00:00:00,36638.2,36898.2,36203.3,36597.4,1727496387.9124
1700352000000,2023-11-19,00:00:00,36597.4,37534.7,36378.8,37386.9,2524309463.0221
1700438400000,2023-11-20,00:00:00,37386.9,37846.7,36620.1,37469.3,5697581996.8692
1700524800000,2023-11-21,00:00:00,37469.3,37693.2,35720,35741.1,8061566947.0459
1700611200000,2023-11-22,00:00:00,35741.1,37888,35613,37424,5615861246.1621
1700697600000,2023-11-23,00:00:00,37424,37677,36867.3,37297.7,3062654065.5834
1700784000000,2023-11-24,00:00:00,37297.7,38435.7,37256.6,37725,6023643620.242
1700870400000,2023-11-25,00:00:00,37725,37900,37582.8,37791,1197623639.9674
1700956800000,2023-11-26,00:00:00,37791,37827,37124.4,37455.4,2903754457.6857
1701043200000,2023-11-27,00:00:00,37455.4,37569.3,36714.5,37256,4027459181.3234
1701129600000,2023-11-28,00:00:00,37256,38430,36880,37820,5451297091.3139
1701216000000,2023-11-29,00:00:00,37820,38600.1,37566,37858.6,4642067004.9617
1701302400000,2023-11-30,00:00:00,37858.6,38145,37429,37727.4,3017164906.504
1701388800000,2023-12-01,00:00:00,37727.4,39031.6,37612.8,38684.8,5528059646.6194
1701475200000,2023-12-02,00:00:00,38684.8,39894,38640,39455,3556047054.122
1701561600000,2023-12-03,00:00:00,39455,40439.9,39280,39999.9,3703892763.6244
1701648000000,2023-12-04,00:00:00,39999.9,42479.3,39996.6,42006.9,11224101415.9287
1701734400000,2023-12-05,00:00:00,42006.9,44555,41380,44103.4,10230933845.0735
1701820800000,2023-12-06,00:00:00,44103.4,44331.6,43379.4,43785.2,6492978307.2171
1701907200000,2023-12-07,00:00:00,43785.2,44087.7,42833.4,43308,6566936970.6449
1701993600000,2023-12-08,00:00:00,43308,44777,43005,44209.7,5245628886.2192
1702080000000,2023-12-09,00:00:00,44209.7,44416.1,43326.6,43740,3512784007.9028
1702166400000,2023-12-10,00:00:00,43740,44114.6,43570.8,43823.8,2382783412.1808
1702252800000,2023-12-11,00:00:00,43823.8,43854.8,40167.7,41272.1,12222666527.9
1702339200000,2023-12-12,00:00:00,41272.1,42168.1,40683.9,41526,6468328258.0543
1702425600000,2023-12-13,00:00:00,41526,43600,40510.9,42896.9,7238303546.3152
1702512000000,2023-12-14,00:00:00,42896.9,43475,41190,43050,7304773196.5844
1702598400000,2023-12-15,00:00:00,43050,43112.5,41671.6,41979.7,4584090122.5357
1702684800000,2023-12-16,00:00:00,41979.7,42783.3,41619.8,42296.3,2528144846.7699
1702771200000,2023-12-17,00:00:00,42296.3,42479.2,41255.5,41395.2,3745131768.1528
1702857600000,2023-12-18,00:00:00,41395.2,42810.6,40566,42683.6,6788858998.4403
1702944000000,2023-12-19,00:00:00,42683.6,43548,41836.4,42298,6055490945.6948
1703030400000,2023-12-20,00:00:00,42298,44355,42206.3,43710,7381169778.9454
1703116800000,2023-12-21,00:00:00,43710,44290,43324.3,43902.1,5083284463.2573
1703203200000,2023-12-22,00:00:00,43902.1,44473.9,43414.1,44010,4537713688.6654
1703289600000,2023-12-23,00:00:00,44010,44029.2,43262.9,43735.7,2114074737.1799
1703376000000,2023-12-24,00:00:00,43735.7,43987,42534.1,43022.3,3020040770.4968
1703462400000,2023-12-25,00:00:00,43022.3,43874.5,42742.7,43611.8,3195501881.6968
1703548800000,2023-12-26,00:00:00,43611.8,43634.1,41655,42552,4995694898.8981
1703635200000,2023-12-27,00:00:00,42552,43710,42138.7,43454,4238358630.8208
1703721600000,2023-12-28,00:00:00,43454,43849.5,42302.2,42607,4357311655.5892
1703808000000,2023-12-29,00:00:00,42607,43170,41278,42095.3,5747579113.902
1703894400000,2023-12-30,00:00:00,42095.3,42654,41554.4,42177.2,2904352198.7048
1703980800000,2023-12-31,00:00:00,42177.2,42945.9,42012.5,42324.8,2526438126.985
1704067200000,2024-01-01,00:00:00,42324.8,44284.9,42211.2,44235.5,3416032597.2288
1704153600000,2024-01-02,00:00:00,44235.5,45946.5,44208.7,44989,8166222223.7952
1704240000000,2024-01-03,00:00:00,44989,45567.8,40210,42871.9,13228994107.3449
1704326400000,2024-01-04,00:00:00,42871.9,44875.5,42637,44156.3,7207270337.2467
1704412800000,2024-01-05,00:00:00,44156.3,44436.4,42181,44156.8,8492204192.3071
1704499200000,2024-01-06,00:00:00,44156.8,44229.4,43400.7,43972.4,2379850493.5741
1704585600000,2024-01-07,00:00:00,43972.4,44509.6,43577,43936.2,3245710612.4875
1704672000000,2024-01-08,00:00:00,43936.2,47318.3,43136.9,46972.8,10335328706.3308
1704758400000,2024-01-09,00:00:00,46972.8,48083.4,44750,46128,11063731806.9368
1704844800000,2024-01-10,00:00:00,46128,47732,44301,46659.9,14773330182.3574
1704931200000,2024-01-11,00:00:00,46659.9,49054.4,45525.3,46347.7,12748030657.0478
1705017600000,2024-01-12,00:00:00,46347.7,46550,41323,42797.9,11781100034.5366
1705104000000,2024-01-13,00:00:00,42797.9,43267.6,42449,42855,3553965095.4998
1705190400000,2024-01-14,00:00:00,42855,43110.3,41708.8,41731,3447425115.7961
1705276800000,2024-01-15,00:00:00,41731,43394.6,41710.6,42508.1,4762593699.6754
1705363200000,2024-01-16,00:00:00,42508.1,43579.9,42003.9,43128.1,5474144916.6279
1705449600000,2024-01-17,00:00:00,43128.1,43197,42195.7,42782.1,3930268065.3369
1705536000000,2024-01-18,00:00:00,42782.1,42931.3,40669,41330.5,6428031715.2517
1705622400000,2024-01-19,00:00:00,41330.5,42199,40269,41663,6761206624.4605
1705708800000,2024-01-20,00:00:00,41663,41874.9,41412.6,41691.9,1633740439.1431
1705795200000,2024-01-21,00:00:00,41691.9,41867.8,41493,41585.6,1321711123.2322
1705881600000,2024-01-22,00:00:00,41585.6,41695,39360,39559.3,9442745343.1671
1705968000000,2024-01-23,00:00:00,39559.3,40180,38531.5,39900.1,7455938467.5948
1706054400000,2024-01-24,00:00:00,39900.1,40565.3,39488,40078.1,4918850661.6215
1706140800000,2024-01-25,00:00:00,40078.1,40324.3,39537,39954,3779735470.4363
1706227200000,2024-01-26,00:00:00,39954,42238.1,39810,41805.5,6656186498.7091
1706313600000,2024-01-27,00:00:00,41805.5,42193.3,41365,42095.8,1909352762.0169
1706400000000,2024-01-28,00:00:00,42095.8,42839.9,41587.4,42016.1,4052150920.9931
1706486400000,2024-01-29,00:00:00,42016.1,43436.9,41767.9,43286.2,4871722222.6627
1706572800000,2024-01-30,00:00:00,43286.2,43890.8,42647.5,42919,5379423903.2261
1706659200000,2024-01-31,00:00:00,42919,43735.9,42255,42552.7,6470805540.6403
1706745600000,2024-02-01,00:00:00,42552.7,43307.3,41843.5,43064.6,5621505057.8224
1706832000000,2024-02-02,00:00:00,43064.6,43476.7,42520.3,43178.1,3817886377.836
1706918400000,2024-02-03,00:00:00,43178.1,43377.8,42859.1,42991.8,1326728844.3048
1707004800000,2024-02-04,00:00:00,42991.8,43114.7,42154,42559.6,1974201247.6811
1707091200000,2024-02-05,00:00:00,42559.6,43567.9,42229.6,42692.6,4661177731.192
1707177600000,2024-02-06,00:00:00,42692.6,43370.4,42554,43083.9,3280389227.0788
1707264000000,2024-02-07,00:00:00,43083.9,44379.1,42774.2,44318,4563918709.1287
1707350400000,2024-02-08,00:00:00,44318,45628.2,44300.1,45260.5,6015691101.2566
1707436800000,2024-02-09,00:00:00,45260.5,48230,45210,47122.4,10118693910.8044
1707523200000,2024-02-10,00:00:00,47122.4,48197.9,46840,47728.1,3359080615.3912
1707609600000,2024-02-11,00:00:00,47728.1,48603.5,47555.7,48328.5,4169032041.5768
1707696000000,2024-02-12,00:00:00,48328.5,50439.2,47712.8,49960.9,9470089155.0222
1707782400000,2024-02-13,00:00:00,49960.9,50430.5,48300.1,49710.4,8340078034.446
1707868800000,2024-02-14,00:00:00,49710.4,52098.4,49220.5,51821.8,8823172091.9213
1707955200000,2024-02-15,00:00:00,51821.8,52879.5,51322.5,51904.2,8727300297.8344
1708041600000,2024-02-16,00:00:00,51904.2,52625,51586.2,52151.8,5755738709.3753
1708128000000,2024-02-17,00:00:00,52151.8,52200,50652.3,51693.1,5147727751.8039
1708214400000,2024-02-18,00:00:00,51693.1,52456.7,51176,52174.9,3921244548.0428
1708300800000,2024-02-19,00:00:00,52174.9,52559.2,51701,51814.9,4218787963.7479
1708387200000,2024-02-20,00:00:00,51814.9,53120,50725.2,52287.1,8973731960.9623
1708473600000,2024-02-21,00:00:00,52287.1,52404.5,50430,51875.2,7748958052.7206
1708560000000,2024-02-22,00:00:00,51875.2,52119.7,50939.9,51304.7,5672520713.7876
1708646400000,2024-02-23,00:00:00,51304.7,51571.7,50538.5,50774.1,5023379560.2029
1708732800000,2024-02-24,00:00:00,50774.1,51742.7,50600,51588.9,2272681947.3878
1708819200000,2024-02-25,00:00:00,51588.9,52000,51300,51747.5,2584549057.452
1708905600000,2024-02-26,00:00:00,51747.5,54992.2,50922,54515,9154198952.0507
1708992000000,2024-02-27,00:00:00,54515,57699,54488.8,57077.9,12540137611.7037
1709078400000,2024-02-28,00:00:00,57077.9,64496.7,56735.4,62484.1,27361625842.569
1709164800000,2024-02-29,00:00:00,62484.1,63796.6,60460.9,61184.1,15364934476.8107
1709251200000,2024-03-01,00:00:00,61184.1,63181.9,60827,62417.6,7934721161.0976
1709337600000,2024-03-02,00:00:00,62417.6,62499,61591.3,62055.9,3680475233.2101
1709424000000,2024-03-03,00:00:00,62055.9,63333,61317.7,63179.1,5014733429.9089
1709510400000,2024-03-04,00:00:00,63179.1,68686.8,62235,68360,17915828448.9072
1709596800000,2024-03-05,00:00:00,68360,69387.2,59111,63750.1,27565350866.2981
1709683200000,2024-03-06,00:00:00,63750.1,67764.5,62824.1,66118.5,15610667882.8533
1709769600000,2024-03-07,00:00:00,66118.5,68160.3,65555,66858.7,8260272804.8249
1709856000000,2024-03-08,00:00:00,66858.7,70320,66135.1,68165,12468486423.4458
1709942400000,2024-03-09,00:00:00,68165,68606,67897.4,68374.4,2137694010.4141
1710028800000,2024-03-10,00:00:00,68374.4,70029.1,68122,68999.6,6784572536.6244
1710115200000,2024-03-11,00:00:00,68999.6,72919.6,66923,72152.4,12902007423.7283
1710201600000,2024-03-12,00:00:00,72152.4,73391,68671.3,71512,14417182568.9952
1710288000000,2024-03-13,00:00:00,71512,73749.9,71382.2,73133,9300307189.988
1710374400000,2024-03-14,00:00:00,73133,73949,68613.6,71473.1,14961436996.8512
1710460800000,2024-03-15,00:00:00,71473.1,72525,65559.2,69523.8,19853131220.3281
1710547200000,2024-03-16,00:00:00,69523.8,70081.3,64696.4,65331.2,10003877826.1518
1710633600000,2024-03-17,00:00:00,65331.2,68970,64539.8,68432.2,8507680506.6632
1710720000000,2024-03-18,00:00:00,68432.2,69040,66533.5,67643.9,9411325396.5448
1710806400000,2024-03-19,00:00:00,67643.9,68174.9,61555,61971.5,17413254152.0052
1710892800000,2024-03-20,00:00:00,61971.5,68133.2,60761.2,67850.5,15331987275.286
1710979200000,2024-03-21,00:00:00,67850.5,68287.7,64528,65536,9430264769.5757
1711065600000,2024-03-22,00:00:00,65536,66666.6,62098,63815.8,12301928128.5235
1711152000000,2024-03-23,00:00:00,63815.8,66064.7,63001.1,63996.3,6582503718.5793
1711238400000,2024-03-24,00:00:00,63996.3,67698.8,63780.6,67248.1,6531998926.2168
1711324800000,2024-03-25,00:00:00,67248.1,71278.3,66374.5,69903.4,11462784264.8543
1711411200000,2024-03-26,00:00:00,69903.4,71650,69333,70046,9562374090.8608
1711497600000,2024-03-27,00:00:00,70046,71898,68400,69548.6,12963261462.2189
1711584000000,2024-03-28,00:00:00,69548.6,71615.8,68955,70858.8,7164121682.7655
1711670400000,2024-03-29,00:00:00,70858.8,70990,69000.5,69899.2,5920040351.1928
1711756800000,2024-03-30,00:00:00,69899.2,70400,69582,69638.7,2128755273.8445
1711843200000,2024-03-31,00:00:00,69638.7,71514.2,69609.4,71378,3421276134.577
1711929600000,2024-04-01,00:00:00,71378,71394.6,68043.8,69706.8,8735375770.1794
1712016000000,2024-04-02,00:00:00,69706.8,69743.9,64490,65484,14116495444.0771
1712102400000,2024-04-03,00:00:00,65484,66950,64406,65971.5,7686646956.9005
1712188800000,2024-04-04,00:00:00,65971.5,69315.8,65035.7,68480.4,9386712967.5322
1712275200000,2024-04-05,00:00:00,68480.4,68775.9,65943,67814,9604479355.0717
1712361600000,2024-04-06,00:00:00,67814,69699.9,67457.9,68894.6,3296760120.633
1712448000000,2024-04-07,00:00:00,68894.6,70366,68803.4,69355,4702309499.0501
1712534400000,2024-04-08,00:00:00,69355,72854.5,69050,71674.4,9308179037.8448
1712620800000,2024-04-09,00:00:00,71674.4,71814,68200.3,69187,10716828473.9641
1712707200000,2024-04-10,00:00:00,69187,71269,67506.1,70655.8,10235474008.3603
1712793600000,2024-04-11,00:00:00,70655.8,71341.7,69580,70038.5,8285824811.2012
1712880000000,2024-04-12,00:00:00,70038.5,71281.1,64669,67120.5,13240444233.9067
1712966400000,2024-04-13,00:00:00,67120.5,67937.6,59765.9,63905.1,14303049400.1757
1713052800000,2024-04-14,00:00:00,63905.1,65824,62088.7,65618.9,10995062894.9993
1713139200000,2024-04-15,00:00:00,65618.9,66834.9,62222,63413.7,11565073912.5662
1713225600000,2024-04-16,00:00:00,63413.7,64357.6,61512.5,63772.3,11190185833.0174
1713312000000,2024-04-17,00:00:00,63772.3,64479.9,59605,61245,11744245407.396
1713398400000,2024-04-18,00:00:00,61245,64166.1,60757,63445.1,9609007596.1591
1713484800000,2024-04-19,00:00:00,63445.1,65431.6,59521.7,63774.8,15081023367.9137
1713571200000,2024-04-20,00:00:00,63774.8,65407,63038.5,64900,5315401465.3874
1713657600000,2024-04-21,00:00:00,64900,65694.2,64200,64910.9,4420223112.504
1713744000000,2024-04-22,00:00:00,64910.9,67198.9,64463.1,66770.3,6871079850.8697
1713830400000,2024-04-23,00:00:00,66770.3,67145.7,65750,66397.8,5203238180.9828
1713916800000,2024-04-24,00:00:00,66397.8,67084.5,63562.6,64259.1,8108160968.7762
1714003200000,2024-04-25,00:00:00,64259.1,65272.3,62745.2,64464.6,8011618895.4368
1714089600000,2024-04-26,00:00:00,64464.6,64798,63273,63746,5894694796.4148
1714176000000,2024-04-27,00:00:00,63746,63900,62370,63412.9,4593477466.6752
1714262400000,2024-04-28,00:00:00,63412.9,64336.8,62674.2,63092.8,3463171930.5546
1714348800000,2024-04-29,00:00:00,63092.8,64193,61729.9,63827.9,7092057083.6987
1714435200000,2024-04-30,00:00:00,63827.9,64705.3,59132,60655.9,12349354763.5056
1714521600000,2024-05-01,00:00:00,60655.9,60820,56505,58298.5,14746487100.9785
1714608000000,2024-05-02,00:00:00,58298.5,59581,56887.3,59030.4,7676149460.8639
1714694400000,2024-05-03,00:00:00,59030.4,63343.7,58780,62843.7,9179663672.8473
1714780800000,2024-05-04,00:00:00,62843.7,64499.9,62512.8,63860,5327344322.0646
1714867200000,2024-05-05,00:00:00,63860,64630,62866.1,63997.8,4523057105.1258
1714953600000,2024-05-06,00:00:00,63997.8,65540,62669,63149.3,9034069969.682
1715040000000,2024-05-07,00:00:00,63149.3,64398.7,62230,62314.5,6717146991.2987
1715126400000,2024-05-08,00:00:00,62314.5,63024.5,60850,61164,6543860909.8744
1715212800000,2024-05-09,00:00:00,61164,63405.5,60544.5,63035.5,6677065322.6202
1715299200000,2024-05-10,00:00:00,63035.5,63447.8,60111,60789.1,7828553764.8777
1715385600000,2024-05-11,00:00:00,60789.1,61500,60461,60810.2,2600083329.9249
1715472000000,2024-05-12,00:00:00,60810.2,61854.2,60566.6,61449.7,2569273104.2041
1715558400000,2024-05-13,00:00:00,61449.7,63437.3,60707.8,62909.4,6569481572.5134
1715644800000,2024-05-14,00:00:00,62909.4,63095.9,61000.1,61546,6447676658.8693
1715731200000,2024-05-15,00:00:00,61546,66430,61310,66185.4,9213461970.3724
1715817600000,2024-05-16,00:00:00,66185.4,66770,64580.4,65226,6363503692.1646
1715904000000,2024-05-17,00:00:00,65226,67443.8,65070.1,66973,5893293260.6471
1715990400000,2024-05-18,00:00:00,66973,67346.5,66469,66875.8,2886243405.5068
1716076800000,2024-05-19,00:00:00,66875.8,67737.7,65822,66235.6,4180367605.0735
1716163200000,2024-05-20,00:00:00,66235.6,71638.3,66034,71436.9,10684083421.5799
1716249600000,2024-05-21,00:00:00,71436.9,72061.7,69155,70167.8,8334383560.9641
1716336000000,2024-05-22,00:00:00,70167.8,70713,68812.4,69210.1,5885532298.3227
1716422400000,2024-05-23,00:00:00,69210.1,70159.4,66311.1,68000.3,9309178690.1551
1716508800000,2024-05-24,00:00:00,68000.3,69279.9,66628.2,68580,5292464098.3224
1716595200000,2024-05-25,00:00:00,68580,69636.3,68524.4,69306.2,2191038402.6766
1716681600000,2024-05-26,00:00:00,69306.2,69598.7,68121,68528.6,2568613622.0433
1716768000000,2024-05-27,00:00:00,68528.6,70737.9,68277,69450,4678849907.2929
1716854400000,2024-05-28,00:00:00,69450,69613.7,67250,68443.6,7595907916.4977
1716940800000,2024-05-29,00:00:00,68443.6,68989,67124.7,67676,4917938701.7616
1717027200000,2024-05-30,00:00:00,67676,69560,67137,68371.8,5961717095.209
1717113600000,2024-05-31,00:00:00,68371.8,69077,66660,67555.8,5712800451.959
1717200000000,2024-06-01,00:00:00,67555.8,67942,67456.9,67792.8,1213018474.3393
1717286400000,2024-06-02,00:00:00,67792.8,68498.6,67279.7,67776.3,2695657945.7384
1717372800000,2024-06-03,00:00:00,67776.3,70344.1,67621.5,68837,6512952651.6789
1717459200000,2024-06-04,00:00:00,68837,71110,68604.9,70559.3,5765022692.2429
1717545600000,2024-06-05,00:00:00,70559.3,71819.6,70406,71140.6,5633523457.4688
1717632000000,2024-06-06,00:00:00,71140.6,71699.9,70144.1,70835.8,4742173934.4137
1717718400000,2024-06-07,00:00:00,70835.8,72169,68336.7,69389.9,9185030752.1997
1717804800000,2024-06-08,00:00:00,69389.9,69610.5,69204,69326,1501924896.2203
1717891200000,2024-06-09,00:00:00,69326,69864.7,69157.1,69642.3,1762992790.1402
1717977600000,2024-06-10,00:00:00,69642.3,70180.6,69168.4,69516,3341314186.8481
1718064000000,2024-06-11,00:00:00,69516,69570,65931.6,67276.3,9414261472.9128
1718150400000,2024-06-12,00:00:00,67276.3,70000,66859.4,68240.9,10238676636.4273
1718236800000,2024-06-13,00:00:00,68240.9,68500,66225.9,66742.5,7148742549.7108
1718323200000,2024-06-14,00:00:00,66742.5,67341,65030,66021.2,6733469635.5164
1718409600000,2024-06-15,00:00:00,66021.2,66446.1,65808.1,66184,1705278952.6369
1718496000000,2024-06-16,00:00:00,66184,66949.6,66007.5,66638.2,1935518277.1745
1718582400000,2024-06-17,00:00:00,66638.2,67289.9,65058,66454.8,7047222023.3851
1718668800000,2024-06-18,00:00:00,66454.8,66552.8,64026.6,65146.5,9578306500.0445
1718755200000,2024-06-19,00:00:00,65146.5,65700,64650,64940.2,4349459508.0974
1718841600000,2024-06-20,00:00:00,64940.2,66458,64514.2,64853.9,6364829177.1823
1718928000000,2024-06-21,00:00:00,64853.9,65070.7,63333,64108.3,6977338223.853
1719014400000,2024-06-22,00:00:00,64108.3,64498.9,63904.1,64223.1,1201636296.8234
1719100800000,2024-06-23,00:00:00,64223.1,64484.1,63123.1,63179.9,1968021262.9406
1719187200000,2024-06-24,00:00:00,63179.9,63329.9,58320,60257.1,13499372619.4446
1719273600000,2024-06-25,00:00:00,60257.1,62401.3,60217.9,61764.4,7836122653.6901
1719360000000,2024-06-26,00:00:00,61764.4,62467.9,60666,60838.5,5405114406.7352
1719446400000,2024-06-27,00:00:00,60838.5,62380,60564.8,61659.5,4857794998.8199
1719532800000,2024-06-28,00:00:00,61659.5,62218,60011.5,60406.1,5239767566.2333
1719619200000,2024-06-29,00:00:00,60406.1,61198.9,60378.1,60939.9,1976842754.4846
1719705600000,2024-06-30,00:00:00,60939.9,63041.3,60673,62749.5,4317138430.664
1719792000000,2024-07-01,00:00:00,62749.5,63845,62464.4,62860.1,5615123059.8395
1719878400000,2024-07-02,00:00:00,62860.1,63259,61779.6,62092.6,4334558609.1908
1719964800000,2024-07-03,00:00:00,62092.6,62250,59350.2,60184.8,8038594455.8795
1720051200000,2024-07-04,00:00:00,60184.8,60464.6,56687.5,57034.6,11435639737.8895
1720137600000,2024-07-05,00:00:00,57034.6,57523.4,53314.3,56602.8,13339979036.3903
1720224000000,2024-07-06,00:00:00,56602.8,58489.6,56002,58204.1,4298856914.5498
1720310400000,2024-07-07,00:00:00,58204.1,58420,55710,55840,5630552415.61
1720396800000,2024-07-08,00:00:00,55840,58195.4,54228.3,56696.5,11623780235.9573
1720483200000,2024-07-09,00:00:00,56696.5,58315.7,56257,58029.9,6854689847.8122
1720569600000,2024-07-10,00:00:00,58029.9,59471.4,57127,57713.8,6646329381.6038
1720656000000,2024-07-11,00:00:00,57713.8,59661.5,57016.1,57312.1,7614451903.7422
1720742400000,2024-07-12,00:00:00,57312.1,58514.2,56513.3,57860.9,6191420971.1567
1720828800000,2024-07-13,00:00:00,57860.9,59869.9,57711.2,59181.8,3786559257.1713
1720915200000,2024-07-14,00:00:00,59181.8,61387.9,59170.3,60755.8,5798640181.4843
1721001600000,2024-07-15,00:00:00,60755.8,64900,60601.9,64696.1,10140535764.3781
1721088000000,2024-07-16,00:00:00,64696.1,65365,62350.3,65027,11008153338.9967
1721174400000,2024-07-17,00:00:00,65027,66119.2,63800,64048.6,7864461543.5826
1721260800000,2024-07-18,00:00:00,64048.6,65132.9,63200,63966.8,6148165695.1072
1721347200000,2024-07-19,00:00:00,63966.8,67368.4,63281,66631.9,9271777602.0117
1721433600000,2024-07-20,00:00:00,66631.9,67599.9,66202,67103.2,3826291758.3772
1721520000000,2024-07-21,00:00:00,67103.2,68371.7,65738,68150,6863198859.3125
1721606400000,2024-07-22,00:00:00,68150,68467.9,66543,67493.6,6346491721.2633
1721692800000,2024-07-23,00:00:00,67493.6,67719.8,65371.6,65922.1,8649301316.8763
1721779200000,2024-07-24,00:00:00,65922.1,67105.2,64903,65364.6,6562426318.2604
1721865600000,2024-07-25,00:00:00,65364.6,66205.8,63378.5,65767.6,9587803380.1487
1721952000000,2024-07-26,00:00:00,65767.6,68212.6,65695,67881.2,7459560298.9844
1722038400000,2024-07-27,00:00:00,67881.2,69400,66608.3,67902,11244159267.4979
1722124800000,2024-07-28,00:00:00,67902,68337.9,67026.9,68240.9,3876609301.1659
1722211200000,2024-07-29,00:00:00,68240.9,70136.9,66360.9,66757.7,11669607139.0179
1722297600000,2024-07-30,00:00:00,66757.7,66958.9,65265,66170,7727299930.9793
1722384000000,2024-07-31,00:00:00,66170,66832,64502.4,64615.9,7514976264.6157
1722470400000,2024-08-01,00:00:00,64615.9,65634.3,62217.7,65341.1,11263594940.3213
1722556800000,2024-08-02,00:00:00,65341.1,65576.4,61171.5,61459,12453959337.057
1722643200000,2024-08-03,00:00:00,61459,62154,59822,60682,8010367850.9495
1722729600000,2024-08-04,00:00:00,60682,61088,57150,58131.6,9467813831.7434
1722816000000,2024-08-05,00:00:00,58131.6,58278.3,48914.1,53988.2,29859703014.1309
1722902400000,2024-08-06,00:00:00,53988.2,57056.1,53917.3,55989.8,11631896382.2673
1722988800000,2024-08-07,00:00:00,55989.8,57762.5,54517.7,55109.5,9800381087.2323
1723075200000,2024-08-08,00:00:00,55109.5,62743.1,54705,61670.2,13073854523.0631
1723161600000,2024-08-09,00:00:00,61670.2,61733,59488,60814.9,8432747416.8217
1723248000000,2024-08-10,00:00:00,60814.9,61459.9,60223,60893.7,3074552152.5361
1723334400000,2024-08-11,00:00:00,60893.7,61880,58264,58703.4,5997370815.8362
1723420800000,2024-08-12,00:00:00,58703.4,60691.5,57555,59316.1,11673707733.6924
1723507200000,2024-08-13,00:00:00,59316.1,61576.7,58380,60558.8,8188673891.5517
1723593600000,2024-08-14,00:00:00,60558.8,61950.3,58399.1,58647.7,8809236330.109
1723680000000,2024-08-15,00:00:00,58647.7,59833.7,56052.1,57515.9,10767838784.3855
1723766400000,2024-08-16,00:00:00,57515.9,59800.1,57071.7,58850,7967639846.8045
1723852800000,2024-08-17,00:00:00,58850,59698.8,58765,59475.1,2312573790.0812
1723939200000,2024-08-18,00:00:00,59475.1,60288.5,58400,58406.4,4274721054.8102
1724025600000,2024-08-19,00:00:00,58406.4,59600,57753.1,59403.9,6280388148.5618
1724112000000,2024-08-20,00:00:00,59403.9,61455.8,58400,58978,9652487135.1557
1724198400000,2024-08-21,00:00:00,58978,61835,58728.4,61120.6,8721226772.3082
1724284800000,2024-08-22,00:00:00,61120.6,61386.2,59623.9,60355.3,6258324999.3764
1724371200000,2024-08-23,00:00:00,60355.3,65041.9,60316.1,64005,11271701165.1506
1724457600000,2024-08-24,00:00:00,64005,64485,63520,64130.3,3586777673.1465
1724544000000,2024-08-25,00:00:00,64130.3,64992.6,63750,64180.9,3318348087.0981
1724630400000,2024-08-26,00:00:00,64180.9,64447.6,62777,62812,6179900119.6466
1724716800000,2024-08-27,00:00:00,62812,63203.2,57869.5,59366.7,11183357514.0093
1724803200000,2024-08-28,00:00:00,59366.7,60244.9,57800,59013.1,10019959404.2225
1724889600000,2024-08-29,00:00:00,59013.1,61148.7,58618.2,59315.8,7573441165.0318
1724976000000,2024-08-30,00:00:00,59315.8,59922,57665.7,59100.9,7844238259.1011
1725062400000,2024-08-31,00:00:00,59100.9,59437.7,58705.9,58944.4,1987623460.1147
1725148800000,2024-09-01,00:00:00,58944.4,59053.1,56913.4,57266.1,6471426391.457
1725235200000,2024-09-02,00:00:00,57266.1,59423.1,57072.2,59116.7,5869114060.0884
1725321600000,2024-09-03,00:00:00,59116.7,59805,57356.7,57450.2,6252111565.1093
1725408000000,2024-09-04,00:00:00,57450.2,58499.8,55501,57937.8,9140365036.2637
1725494400000,2024-09-05,00:00:00,57937.8,58300,55509.8,56150.5,8470574296.4132
1725580800000,2024-09-06,00:00:00,56150.5,56997.6,52500.2,53934,14137782934.1083
1725667200000,2024-09-07,00:00:00,53934,54827.5,53733,54139.5,3451070468.7269
1725753600000,2024-09-08,00:00:00,54139.5,55300,53607.5,54850,4389257082.7582
1725840000000,2024-09-09,00:00:00,54850,58150.2,54560.3,57014.5,8494579730.812
1725926400000,2024-09-10,00:00:00,57014.5,58039.7,56350,57620.3,6764545366.4299
1726012800000,2024-09-11,00:00:00,57620.3,57977.4,55530.1,57310.4,10583657336.5739
1726099200000,2024-09-12,00:00:00,57310.4,58580.9,57298.5,58104.8,7560166302.761
1726185600000,2024-09-13,00:00:00,58104.8,60624.2,57579,60466.3,7693439339.321
1726272000000,2024-09-14,00:00:00,60466.3,60584.2,59357.7,59968,3065283046.3937
1726358400000,2024-09-15,00:00:00,59968,60392.8,58652.1,59101.2,3749633593.2495
1726444800000,2024-09-16,00:00:00,59101.2,59182,57450,58185,7219433329.8883
1726531200000,2024-09-17,00:00:00,58185,61330,57568,60275.1,9781986821.8249
1726617600000,2024-09-18,00:00:00,60275.1,61776.9,59126.2,61743.7,10337106892.9695
1726704000000,2024-09-19,00:00:00,61743.7,63856,61523.6,62922.8,9404589782.757
1726790400000,2024-09-20,00:00:00,62922.8,64131.7,62310,63173.8,7514410819.1801
1726876800000,2024-09-21,00:00:00,63173.8,63544,62712.8,63311.5,2176612469.0433
1726963200000,2024-09-22,00:00:00,63311.5,64000,62350,63549.9,4576290434.8509
1727049600000,2024-09-23,00:00:00,63549.9,64774.2,62537.1,63305.9,7920230149.7321
1727136000000,2024-09-24,00:00:00,63305.9,64749.9,62634,64248.6,7760569001.854
1727222400000,2024-09-25,00:00:00,64248.6,64876.5,62900,63130.1,5795832950.7206
1727308800000,2024-09-26,00:00:00,63130.1,65850,62650,65145.8,9664684352.8351
1727395200000,2024-09-27,00:00:00,65145.8,66520,64789,65746.5,7797250405.7937
1727481600000,2024-09-28,00:00:00,65746.5,66319.9,65310,65823,2546634893.607
1727568000000,2024-09-29,00:00:00,65823,66174.5,65370.5,65571.7,2443266079.4123
1727654400000,2024-09-30,00:00:00,65571.7,65604.8,62800,63276.8,10012715105.6738
1727740800000,2024-10-01,00:00:00,63276.8,64096.6,60118.9,60790,15695348383.9129
1727827200000,2024-10-02,00:00:00,60790,62416.3,59952.9,60617.5,10672953986.6141
1727913600000,2024-10-03,00:00:00,60617.5,61460,59840.2,60725.9,9531162312.9028
1728000000000,2024-10-04,00:00:00,60725.9,62469,60414,62063.9,8051623649.5247
1728086400000,2024-10-05,00:00:00,62063.9,62365.9,61650,62035,2228946199.1387
1728172800000,2024-10-06,00:00:00,62035,62973.3,61791.3,62792.9,3099069414.6613
1728259200000,2024-10-07,00:00:00,62792.9,64464,62055,62191.2,9840635914.82
1728345600000,2024-10-08,00:00:00,62191.2,63189.7,61803.4,62120.7,7167519591.0579
1728432000000,2024-10-09,00:00:00,62120.7,62525,60266,60607.7,7125356765.3941
1728518400000,2024-10-10,00:00:00,60607.7,61288,58900,60295.6,8533523858.6922
1728604800000,2024-10-11,00:00:00,60295.6,63436,60064.4,62499.6,8840015884.5289
1728691200000,2024-10-12,00:00:00,62499.6,63467.4,62457.9,63177.5,3611756758.4168
1728777600000,2024-10-13,00:00:00,63177.5,63269.5,62012.1,62838.7,4519436313.9982
1728864000000,2024-10-14,00:00:00,62838.7,67300,62422.5,66080.1,11964507574.2408
1728950400000,2024-10-15,00:00:00,66080.1,67999,64762.1,67057.4,15177305414.0575
1729036800000,2024-10-16,00:00:00,67057.4,68525,66727,67595.1,9837448335.5843
1729123200000,2024-10-17,00:00:00,67595.1,67921,66650.1,67390.4,7304077990.3539
1729209600000,2024-10-18,00:00:00,67390.4,69049.7,67157,68402.4,8873975273.9099
1729296000000,2024-10-19,00:00:00,68402.4,68685,67980,68369.5,2235545494.0599
1729382400000,2024-10-20,00:00:00,68369.5,69428,68074.9,69034,3327237707.8107
1729468800000,2024-10-21,00:00:00,69034,69555,66853.3,67368.1,8519988640.8165
1729555200000,2024-10-22,00:00:00,67368.1,67847,66560.9,67409.5,7631462454.594
1729641600000,2024-10-23,00:00:00,67409.5,67477.7,65240.2,66659.1,9700399537.8623
1729728000000,2024-10-24,00:00:00,66659.1,68847.2,66509.3,68171.2,8649408436.7546
1729814400000,2024-10-25,00:00:00,68171.2,68755,65524.5,66666.8,12379349258.8847
1729900800000,2024-10-26,00:00:00,66666.8,67442.7,66408.4,67069.1,2980568398.5273
1729987200000,2024-10-27,00:00:00,67069.1,68311.6,66905.2,68001.1,3185700945.0472
1730073600000,2024-10-28,00:00:00,68001.1,70449.9,67571.4,69947.6,10204822451.032
1730160000000,2024-10-29,00:00:00,69947.6,73681.8,69735.4,72757.5,14776045875.2412
1730246400000,2024-10-30,00:00:00,72757.5,73044.2,71455.1,72386.3,8147801247.9181
1730332800000,2024-10-31,00:00:00,72386.3,72736.4,69719.3,70332.3,9803255628.4653
1730419200000,2024-11-01,00:00:00,70332.3,71650,68800,69495.5,12357269149.2405
1730505600000,2024-11-02,00:00:00,69495.5,69919,68981.6,69363.6,3024797418.8979
1730592000000,2024-11-03,00:00:00,69363.6,69382.9,67456.1,68743.6,8553225533.3614
1730678400000,2024-11-04,00:00:00,68743.6,69497,66808,67838.7,9636881646.7326
1730764800000,2024-11-05,00:00:00,67838.7,70540,67449.5,69345.7,9927490272.6331
1730851200000,2024-11-06,00:00:00,69345.7,76433.6,69256.7,75599.9,26340611759.876
1730937600000,2024-11-07,00:00:00,75599.9,76890,74476.3,75874.8,10324134958.55
1731024000000,2024-11-08,00:00:00,75874.8,77220.3,75610,76514.2,7898248944.1981
1731110400000,2024-11-09,00:00:00,76514.2,76950,75703.7,76701.7,3861187692.4404
1731196800000,2024-11-10,00:00:00,76701.7,81700,76508.2,80428.5,16202848613.0764
1731283200000,2024-11-11,00:00:00,80428.5,89828,80267.8,88765.4,25524915890.5917
1731369600000,2024-11-12,00:00:00,88765.4,90077,85150,87968,27622772394.7741
1731456000000,2024-11-13,00:00:00,87968,93400,86113.6,90411.2,25270169336.1162
1731542400000,2024-11-14,00:00:00,90411.2,91889.7,86661,87367.3,17445158567.9126
1731628800000,2024-11-15,00:00:00,87367.3,91948,87083.7,91125.2,14105155414.6981
1731715200000,2024-11-16,00:00:00,91125.2,91856.3,90125,90625.4,5529266399.753
1731801600000,2024-11-17,00:00:00,90625.4,91601.8,88735.7,89900,7517522527.078
1731888000000,2024-11-18,00:00:00,89900,92757.6,89424,90535,15713416725.0729
1731974400000,2024-11-19,00:00:00,90535,93980,90435.9,92341.4,14697220390.6727
1732060800000,2024-11-20,00:00:00,92341.4,94898.9,91511,94315.3,12289243395.9838
1732147200000,2024-11-21,00:00:00,94315.3,99111,94032,98382.9,19945065115.2165
1732233600000,2024-11-22,00:00:00,98382.9,99690,97210,98947,13154262230.7903
1732320000000,2024-11-23,00:00:00,98947,98970.9,97185.9,97740.2,5694072701.4924
1732406400000,2024-11-24,00:00:00,97740.2,98653.3,95800.3,98027.7,8763724173.5458
1732492800000,2024-11-25,00:00:00,98027.7,98979.9,92620,93004.1,17043642552.8743
1732579200000,2024-11-26,00:00:00,93004.1,95063.1,90835.5,92025.6,16136969479.5374
1732665600000,2024-11-27,00:00:00,92025.6,97276,91857.6,95908.7,11213251412.0558
1732752000000,2024-11-28,00:00:00,95908.7,96648,94707,95702.8,7874695521.1641
1732838400000,2024-11-29,00:00:00,95702.8,98735.3,95420.3,97526.7,8994699846.4799
1732924800000,2024-11-30,00:00:00,97526.7,97539.8,96151,96484,4074947021.356
1733011200000,2024-12-01,00:00:00,96484,97929.4,95750,97265.4,5535272255.3612
1733097600000,2024-12-02,00:00:00,97265.4,98270.7,94455,95886.6,13010459383.5404
1733184000000,2024-12-03,00:00:00,95886.6,96389,93605.4,95919.6,10133416881.6242
1733270400000,2024-12-04,00:00:00,95919.6,99117.6,94638,98671.8,12682696549.2128
1733356800000,2024-12-05,00:00:00,98671.8,104698.8,90530,96977.9,28285487840.8342
1733443200000,2024-12-06,00:00:00,96977.9,101998.7,96319.6,99789.9,13414656554.867
1733529600000,2024-12-07,00:00:00,99789.9,100540.2,98883.4,99913,4737371968.8625
1733616000000,2024-12-08,00:00:00,99913,101464.8,98729.1,101186.8,5372922087.393
1733702400000,2024-12-09,00:00:00,101186.8,101296.1,93888,97329,17199404118.01
1733788800000,2024-12-10,00:00:00,97329,98299,94190.8,96552.8,14792724546.1781
1733875200000,2024-12-11,00:00:00,96552.8,101961,95574.3,101128.3,12172792334.6915
1733961600000,2024-12-12,00:00:00,101128.3,102636.2,99300,99982.5,11830766327.1368
1734048000000,2024-12-13,00:00:00,99982.5,101935.7,99168,101415.8,8125220068.2086
1734134400000,2024-12-14,00:00:00,101415.8,102748,100577.1,101419.9,5204702619.6375
1734220800000,2024-12-15,00:00:00,101419.9,105338.2,101243.4,104515.6,7954830989.1851
1734307200000,2024-12-16,00:00:00,104515.6,107850,103304.3,106094.2,14424459457.7338
1734393600000,2024-12-17,00:00:00,106094.2,108421.6,105300,106084.6,10756895824.6775
1734480000000,2024-12-18,00:00:00,106084.6,106470.3,99800,100148.6,18979588796.443
1734566400000,2024-12-19,00:00:00,100148.6,102742.4,95640.5,97399.4,20062720081.8751
1734652800000,2024-12-20,00:00:00,97399.4,98221.5,92230,97757.3,18286850440.5533
1734739200000,2024-12-21,00:00:00,97757.3,99482.8,96326.7,97249.7,6808157121.6167
1734825600000,2024-12-22,00:00:00,97249.7,97431.6,94200,95144.7,7321873620.2492
1734912000000,2024-12-23,00:00:00,95144.7,96500,92465.8,94837,11852960114.939
1734998400000,2024-12-24,00:00:00,94837,99435.7,93508.6,98628.3,10250521010.5092
1735084800000,2024-12-25,00:00:00,98628.3,99590,97562.6,99405.2,6640188781.1755
1735171200000,2024-12-26,00:00:00,99405.2,99950,95137.5,95743.2,9726514484.3588
1735257600000,2024-12-27,00:00:00,95743.2,97500,93380.1,94251,9901230580.6281
1735344000000,2024-12-28,00:00:00,94251,95699.9,94070.2,95255.8,3495950021.5171
1735430400000,2024-12-29,00:00:00,95255.8,95300,92926.7,93699,4730768959.8991
1735516800000,2024-12-30,00:00:00,93699,95000,91463.7,92739.3,11959785141.1981
1735603200000,2024-12-31,00:00:00,92739.3,96322.1,91981.4,93530,9282689586.2034
1735689600000,2025-01-01,00:00:00,93530,95158.4,92840,94564.6,4399935460.3038
1735776000000,2025-01-02,00:00:00,94564.6,97844.8,94339.9,96960.5,9265042129.9523
1735862400000,2025-01-03,00:00:00,96960.5,98950,96062.1,98140,5877386031.85
1735948800000,2025-01-04,00:00:00,98140,98759.6,97442.8,98177.2,3041206026.9714
1736035200000,2025-01-05,00:00:00,98177.2,98828.5,97216,98340.5,3864709909.7209
1736121600000,2025-01-06,00:00:00,98340.5,102471.7,97861,102185.9,10762922535.28
1736208000000,2025-01-07,00:00:00,102185.9,102702.1,96113.4,96908.1,13889474297.4792
1736294400000,2025-01-08,00:00:00,96908.1,97224.3,92378.5,95022.2,14847131916.1366
1736380800000,2025-01-09,00:00:00,95022.2,95356.6,91151,92507.7,12729287135.7919
1736467200000,2025-01-10,00:00:00,92507.7,95873.6,92161.2,94684.2,13169535302.1952
1736553600000,2025-01-11,00:00:00,94684.2,94991.9,93800,94569.4,3096410609.8963
1736640000000,2025-01-12,00:00:00,94569.4,95439.9,93660,94510,3574041007.985
1736726400000,2025-01-13,00:00:00,94510,95954.8,89100,94508.2,17762553481.2648
1736812800000,2025-01-14,00:00:00,94508.2,97395.5,94330.3,96523.3,10280128093.4987
1736899200000,2025-01-15,00:00:00,96523.3,100700,96450,100465,10364018283.6891
1736985600000,2025-01-16,00:00:00,100465,100866.1,97291,99945.8,9779948795.1596
1737072000000,2025-01-17,00:00:00,99945.8,105815.8,99906.1,104048.8,12198845476.3119
1737158400000,2025-01-18,00:00:00,104048.8,104963,102244,104520,7569954963.3781
1737244800000,2025-01-19,00:00:00,104520,106476.5,99600,101310.7,12813280681.6255
1737331200000,2025-01-20,00:00:00,101310.7,109951.7,99500.1,102258.7,32254695202.5632
1737417600000,2025-01-21,00:00:00,102258.7,107265.6,100000,106133.3,15870585223.7813
1737504000000,2025-01-22,00:00:00,106133.3,106387.4,103310,103670.4,8664520016.0427
1737590400000,2025-01-23,00:00:00,103670.4,106875,101205.1,103862.4,25370061448.1561
1737676800000,2025-01-24,00:00:00,103862.4,107118.6,102691.8,104800.1,8737648636.8546
1737763200000,2025-01-25,00:00:00,104800.1,105276.1,104036.9,104709.4,2986905353.8746
1737849600000,2025-01-26,00:00:00,104709.4,105591.5,102457.1,102553.7,3485401775.6738
1737936000000,2025-01-27,00:00:00,102553.7,103217.8,97694.2,102024.2,16059242520.7183
1738022400000,2025-01-28,00:00:00,102024.2,103800,100205.7,101278,9460180773.5938
1738108800000,2025-01-29,00:00:00,101278,104777,101265.3,103700,9379349748.4528
1738195200000,2025-01-30,00:00:00,103700,106421.1,103235,104684.6,7491051783.0583
1738281600000,2025-01-31,00:00:00,104684.6,105998,101468.4,102377.6,9147405477.6418
1738368000000,2025-02-01,00:00:00,102377.6,102735,100215.1,100576.5,4867256985.0173
1738454400000,2025-02-02,00:00:00,100576.5,101410,95994.3,97645.7,11933819829.6414
1738540800000,2025-02-03,00:00:00,97645.7,102457.8,91166.6,101294.8,24569531894.371
1738627200000,2025-02-04,00:00:00,101294.8,101684.7,96086.1,97706,14285235601.3147
1738713600000,2025-02-05,00:00:00,97706,99170,96100.1,96568.5,8024982830.0478
1738800000000,2025-02-06,00:00:00,96568.5,99099,95631.8,96500,7945354787.66
1738886400000,2025-02-07,00:00:00,96500,100120,95556.5,96440.6,11851707915.0818
1738972800000,2025-02-08,00:00:00,96440.6,96840,95635.8,96406.8,2759961024.3776
1739059200000,2025-02-09,00:00:00,96406.8,97275,94651.2,96428.6,4853028635.5676
1739145600000,2025-02-10,00:00:00,96428.6,98343.4,95202.8,97384.2,6716941953.9151
1739232000000,2025-02-11,00:00:00,97384.2,98459,94821.9,95748.6,7773568164.6249
1739318400000,2025-02-12,00:00:00,95748.6,98089.1,94001.2,97828.1,10705957398.844
1739404800000,2025-02-13,00:00:00,97828.1,98047,95156.1,96570.7,7764082176.1582
1739491200000,2025-02-14,00:00:00,96570.7,98821,96200,97450.1,7475128030.2469
1739577600000,2025-02-15,00:00:00,97450.1,97933,97175.8,97533.9,2596881995.4523
1739664000000,2025-02-16,00:00:00,97533.9,97678.7,96000,96060.1,3134454833.0903
1739750400000,2025-02-17,00:00:00,96060.1,96988.3,95160,95735,5542732333.3354
1739836800000,2025-02-18,00:00:00,95735,96730.9,93318.1,95618.8,8863783706.7345
1739923200000,2025-02-19,00:00:00,95618.8,96897.1,95008.6,96616.4,6173452144.3024
1740009600000,2025-02-20,00:00:00,96616.4,98680.8,96386.5,98246.7,6328230652.9085
1740096000000,2025-02-21,00:00:00,98246.7,99454.2,94832.2,96198.4,10980516748.0197
1740182400000,2025-02-22,00:00:00,96198.4,97056,95814.8,96554.4,2283270471.1218
1740268800000,2025-02-23,00:00:00,96554.4,96637,95254,96262.6,2440904003.4043
1740355200000,2025-02-24,00:00:00,96262.6,96536.3,91258.7,91478.2,8402707092.6583
1740441600000,2025-02-25,00:00:00,91478.2,92520.9,86055.5,88665.3,16801608037.6205
1740528000000,2025-02-26,00:00:00,88665.3,89389.9,82055.6,84208.6,16820632480.9585
1740614400000,2025-02-27,00:00:00,84208.6,87043.6,82670,84686,10802138606.0075
1740700800000,2025-02-28,00:00:00,84686,85124.4,78210.5,84307.6,19497335163.4641
1740787200000,2025-03-01,00:00:00,84307.6,86533.3,83760.9,86024.4,5628737101.3996
1740873600000,2025-03-02,00:00:00,86024.4,95058.7,85007.7,94259.7,14677991359.5077
1740960000000,2025-03-03,00:00:00,94259.7,94414.2,85023.4,86165.3,18095462411.4597
1741046400000,2025-03-04,00:00:00,86165.3,88946,81413.7,87260.1,17706426180.5045
1741132800000,2025-03-05,00:00:00,87260.1,90975,86350.8,90567.8,10646927924.6049
1741219200000,2025-03-06,00:00:00,90567.8,92781.6,87800.1,89899.6,11710991087.7057
1741305600000,2025-03-07,00:00:00,89899.6,91279.5,84594.7,86758.5,20437195743.5557
1741392000000,2025-03-08,00:00:00,86758.5,86886.3,85185.9,86187.2,3594721784.6508
1741478400000,2025-03-09,00:00:00,86187.2,86485,79913.4,80692.3,9268348780.6102
1741564800000,2025-03-10,00:00:00,80692.3,84050,77403.1,78563.2,16265789312.4671
1741651200000,2025-03-11,00:00:00,78563.2,83622.9,76545,82889.2,14610577795.563
1741737600000,2025-03-12,00:00:00,82889.2,84489.8,80534.6,83649.9,12108909378.8432
1741824000000,2025-03-13,00:00:00,83649.9,84343.2,79888,81072.3,9087529695.8083
1741910400000,2025-03-14,00:00:00,81072.3,85299.9,80766.6,83948.3,8583411299.4901
1741996800000,2025-03-15,00:00:00,83948.3,84661.8,83591.8,84308.4,2659788932.3023
1742083200000,2025-03-16,00:00:00,84308.4,85136,81934.4,82528.5,7163603713.6239
1742169600000,2025-03-17,00:00:00,82528.5,84728.5,82400.7,83955.1,7118485231.1325
1742256000000,2025-03-18,00:00:00,83955.1,83975.1,81093.6,82675.7,6760273516.9941
1742342400000,2025-03-19,00:00:00,82675.7,86970,82475.5,86792.3,9465258683.6368
1742428800000,2025-03-20,00:00:00,86792.3,87400,83605.8,84168.9,9293087566.4741
1742515200000,2025-03-21,00:00:00,84168.9,84800,83136.3,84054.6,5906373037.583
1742601600000,2025-03-22,00:00:00,84054.6,84500,83616,83805.9,1758395609.5073
1742688000000,2025-03-23,00:00:00,83805.9,86088,83753.2,86037.8,3645598792.6798
1742774400000,2025-03-24,00:00:00,86037.8,88740,85488.4,87459.9,9580067463.8075
1742860800000,2025-03-25,00:00:00,87459.9,88500,86261,87362.4,7615600776.622
1742947200000,2025-03-26,00:00:00,87362.4,88284,85800.1,86860.8,7614341248.2186
1743033600000,2025-03-27,00:00:00,86860.8,87727.9,85695.4,87181.7,7191594692.9286
1743120000000,2025-03-28,00:00:00,87181.7,87479.4,83545,84375,9335879521.7679
1743206400000,2025-03-29,00:00:00,84375,84573.8,81602.9,82603.9,5720518656.0109
1743292800000,2025-03-30,00:00:00,82603.9,83496.8,81510,82347.9,4665103340.5636
1743379200000,2025-03-31,00:00:00,82347.9,83895.7,81212.3,82504.4,9130295598.8359
1743465600000,2025-04-01,00:00:00,82504.4,85555,82375.6,85130.5,8796421681.5462
1743552000000,2025-04-02,00:00:00,85130.5,88560.1,82281.9,82468.1,15642498451.4339
1743638400000,2025-04-03,00:00:00,82468.1,83888,81146,83175.2,9309236129.5446
1743724800000,2025-04-04,00:00:00,83175.2,84736,81605,83862.1,14738610113.3756
1743811200000,2025-04-05,00:00:00,83862.1,84244,82343,83496.7,3785703418.1495
1743897600000,2025-04-06,00:00:00,83496.7,83774.3,77083.5,78376.1,10949675668.4445
1743984000000,2025-04-07,00:00:00,78376.1,81216.8,74456.2,79144.1,22772807455.0007
1744070400000,2025-04-08,00:00:00,79144.1,80833.6,76200.9,76286.9,11382480580.0058
1744156800000,2025-04-09,00:00:00,76286.9,83560,74565.9,82593.9,21231903821.3761
1744243200000,2025-04-10,00:00:00,82593.9,82719.2,78422,79557.5,11230791469.5979
1744329600000,2025-04-11,00:00:00,79557.5,84288,78928.2,83382.8,11007327188.56
1744416000000,2025-04-12,00:00:00,83382.8,85888,82753.3,85238.4,6058790101.2751
1744502400000,2025-04-13,00:00:00,85238.4,86099,82953.1,83716.8,7579301941.8438
1744588800000,2025-04-14,00:00:00,83716.8,85771.1,83637.5,84547.4,8414789416.9024
1744675200000,2025-04-15,00:00:00,84547.4,86444,83518.5,83603.7,8389568053.4334
1744761600000,2025-04-16,00:00:00,83603.7,85522.7,83055,83986,8332079316.1966
1744848000000,2025-04-17,00:00:00,83986,85455.8,83677.4,84906.5,5801521093.7781
1744934400000,2025-04-18,00:00:00,84906.5,85104.7,84250,84419.6,2203647839.6427
1745020800000,2025-04-19,00:00:00,84419.6,85644.6,84324.1,85048.5,3088491489.5716
1745107200000,2025-04-20,00:00:00,85048.5,85290,83882.7,85145.5,3409197086.2497
1745193600000,2025-04-21,00:00:00,85145.5,88442.9,85106.1,87471.1,11285241653.5547
1745280000000,2025-04-22,00:00:00,87471.1,94000,87013.6,93400,13854195281.6149
1745366400000,2025-04-23,00:00:00,93400,94722.9,91911.8,93635.2,10648743634.4683
1745452800000,2025-04-24,00:00:00,93635.2,93985.8,91631.5,93945.5,7300038279.6585
1745539200000,2025-04-25,00:00:00,93945.5,95724.5,92775.6,94596.2,9110674827.5217
1745625600000,2025-04-26,00:00:00,94596.2,95150,93839.8,94578.3,2932446509.8276
1745712000000,2025-04-27,00:00:00,94578.3,95279.4,93538.4,93700,3765317377.5733
1745798400000,2025-04-28,00:00:00,93700,95564.8,92750,94969.7,9234195465.9626
1745884800000,2025-04-29,00:00:00,94969.7,95444.3,93682,94200,7790806314.5278
1745971200000,2025-04-30,00:00:00,94200,95187.5,92852.4,94118,7699736327.6616
1746057600000,2025-05-01,00:00:00,94118,97383.1,94070.7,96430.9,9365331245.2796
1746144000000,2025-05-02,00:00:00,96430.9,97868,96306.9,96833.5,7200200483.4095
1746230400000,2025-05-03,00:00:00,96833.5,96865,95700.1,95815.5,3314107179.8834
1746316800000,2025-05-04,00:00:00,95815.5,96257,94100,94224.1,4337251614.0521
1746403200000,2025-05-05,00:00:00,94224.1,95149,93460.2,94698.7,7806571903.2162
1746489600000,2025-05-06,00:00:00,94698.7,96880.6,93333.5,96799,7853714089.7025
1746576000000,2025-05-07,00:00:00,96799,97700,95724.2,96988.1,9009072510.6715
1746662400000,2025-05-08,00:00:00,96988.1,104253.8,96832.1,103240,15338630108.8456
1746748800000,2025-05-09,00:00:00,103240,104330.1,102264.1,102931.2,8979125033.5344
1746835200000,2025-05-10,00:00:00,102931.2,104986.7,102772,104782.3,4936953954.3131
1746921600000,2025-05-11,00:00:00,104782.3,104936.7,103250,104080,6607222709.9493
1747008000000,2025-05-12,00:00:00,104080,105842.1,100688,102746,12901483317.6525
1747094400000,2025-05-13,00:00:00,102746,104949.9,101380,104070.6,8634338870.6827
1747180800000,2025-05-14,00:00:00,104070.6,104325.6,102550,103445,6878022584.9584
1747267200000,2025-05-15,00:00:00,103445,104203.9,101333,103710,10221028637.3488
1747353600000,2025-05-16,00:00:00,103710,104555,103042.2,103410.2,6164027005.537
1747440000000,2025-05-17,00:00:00,103410.2,103669.4,102539.7,103081.2,3763287968.4289
1747526400000,2025-05-18,00:00:00,103081.2,106650,103050,106428.1,10027017232.7117
1747612800000,2025-05-19,00:00:00,106428.1,107134.3,102000,105538,13679089439.8561
1747699200000,2025-05-20,00:00:00,105538,107292.4,104125.4,106808.2,13080986499.6125
1747785600000,2025-05-21,00:00:00,106808.2,110800,106001.8,109608.7,23917556090.0638
1747872000000,2025-05-22,00:00:00,109608.7,111968,109150,111646.5,14295228239.0881
1747958400000,2025-05-23,00:00:00,111646.5,111758.4,106755,107275.9,16176987357.6024
1748044800000,2025-05-24,00:00:00,107275.9,109454.5,106832.3,107716,6849779180.5479
1748131200000,2025-05-25,00:00:00,107716,109300,106538.4,108976.2,7876907291.7306
1748217600000,2025-05-26,00:00:00,108976.2,110452.2,108640.7,109382.3,8702988781.8552
1748304000000,2025-05-27,00:00:00,109382.3,110700,107421.7,108864,13647594037.4367
1748390400000,2025-05-28,00:00:00,108864,109217.8,106718,107738.9,8057426071.3672
1748476800000,2025-05-29,00:00:00,107738.9,108850,105250,105550,11784817079.5321
1748563200000,2025-05-30,00:00:00,105550,106278.3,103569,103976.6,12417100209.383
1748649600000,2025-05-31,00:00:00,103976.6,104898.5,103036.8,104566.1,5373822728.305
1748736000000,2025-06-01,00:00:00,104566.1,105843.6,103696.7,105614.4,4611027060.3048
1748822400000,2025-06-02,00:00:00,105614.4,105919.7,103606.4,105827.2,8360182354.0635
1748908800000,2025-06-03,00:00:00,105827.2,106773.7,104813.9,105324.7,8622770574.7568
1748995200000,2025-06-04,00:00:00,105324.7,105952.9,104135.3,104630,7262622818.7705
1749081600000,2025-06-05,00:00:00,104630,105866.7,100350,101455.2,14967270877.4439
1749168000000,2025-06-06,00:00:00,101455.2,105320.4,101046,104227.5,9325938572.4861
1749254400000,2025-06-07,00:00:00,104227.5,105865.9,103811,105499.9,4901710828.9363
1749340800000,2025-06-08,00:00:00,105499.9,106441.8,104924.7,105670.8,3742032491.9694
1749427200000,2025-06-09,00:00:00,105670.8,110660.8,105252.6,110219.9,11258169068.3358
1749513600000,2025-06-10,00:00:00,110219.9,110351,108279.2,110227.5,8010365335.0134
1749600000000,2025-06-11,00:00:00,110227.5,110375.5,108006.6,108611.1,8158236523.8356
1749686400000,2025-06-12,00:00:00,108611.1,108782.5,105579.8,105600.9,10275721442.9453
1749772800000,2025-06-13,00:00:00,105600.9,106140,102626.9,106023.1,13862288292.7957
1749859200000,2025-06-14,00:00:00,106023.1,106168.8,104250,105356.7,4345657263.3779
1749945600000,2025-06-15,00:00:00,105356.7,106080,104433,105547.8,4151318402.0396
1750032000000,2025-06-16,00:00:00,105547.8,108955.5,104921.2,106749.3,9984789922.9498
1750118400000,2025-06-17,00:00:00,106749.3,107724.9,103303.4,104512.7,12575172713.0483
1750204800000,2025-06-18,00:00:00,104512.7,105500,103422.3,104847.3,8882269894.2874
1750291200000,2025-06-19,00:00:00,104847.3,105191.9,103864,104604.2,4669859207.8829
1750377600000,2025-06-20,00:00:00,104604.2,106499.9,102260,103243.9,10412306273.9105
1750464000000,2025-06-21,00:00:00,103243.9,103949.9,100800,102083.9,6551052138.6737
1750550400000,2025-06-22,00:00:00,102083.9,103347,98125,100904.3,16391945302.2606
1750636800000,2025-06-23,00:00:00,100904.3,106024.8,99581,105283.5,16366322673.2801
1750723200000,2025-06-24,00:00:00,105283.5,106269.9,104567,106048.5,7692597201.3875
1750809600000,2025-06-25,00:00:00,106048.5,108090,105750,107264,8647003899.3526
1750896000000,2025-06-26,00:00:00,107264,108239.6,106457.7,106905.3,6534367382.6357
1750982400000,2025-06-27,00:00:00,106905.3,107738.1,106280,106999.6,6602602565.5436
1751068800000,2025-06-28,00:00:00,106999.6,107499.9,106761,107241,1758350748.5642
1751155200000,2025-06-29,00:00:00,107241,108507,107113.8,108314.8,4620847432.5519
1751241600000,2025-06-30,00:00:00,108314.8,108766.4,106677,107081.2,6708634082.8326
1751328000000,2025-07-01,00:00:00,107081.2,107484.8,105180.3,105634.8,7411401901.7354
1751414400000,2025-07-02,00:00:00,105634.8,109740.9,105058.6,108803,10054135767.1695
1751500800000,2025-07-03,00:00:00,108803,110485.7,108455.1,109540,8353849881.4527
1751587200000,2025-07-04,00:00:00,109540,109725.3,107220.3,107947.4,6886446989.9928
1751673600000,2025-07-05,00:00:00,107947.4,108429.2,107685.9,108144.4,1921629799.2316
1751760000000,2025-07-06,00:00:00,108144.4,109685,107762.6,109160.5,4289340940.2581
1751846400000,2025-07-07,00:00:00,109160.5,109681.4,107449.6,108200,5962169105.2701
1751932800000,2025-07-08,00:00:00,108200,109188,107369.7,108881.9,6350682925.8192
1752019200000,2025-07-09,00:00:00,108881.9,111999,108263.4,111209.7,9093646355.1591
1752105600000,2025-07-10,00:00:00,111209.7,117896.7,110450.9,115990.1,12504252245.4158
1752192000000,2025-07-11,00:00:00,115990.1,118849.9,115200,117508.8,10912820208.9064
1752278400000,2025-07-12,00:00:00,117508.8,118195.1,116868.1,117369.9,4143486125.7753
1752364800000,2025-07-13,00:00:00,117369.9,119474.9,117173.3,119050.2,5637713091.3107
1752451200000,2025-07-14,00:00:00,119050.2,123250,118859.2,119841.6,14393849063.9659
1752537600000,2025-07-15,00:00:00,119841.6,119946.6,115750,117745.7,16928835967.5887
1752624000000,2025-07-16,00:00:00,117745.7,120114.6,117031,118626.3,10251191486.6865
1752710400000,2025-07-17,00:00:00,118626.3,121044,117449.9,119218.7,11236695551.8986
1752796800000,2025-07-18,00:00:00,119218.7,120896.9,116822.1,117930.1,10779050135.5329
1752883200000,2025-07-19,00:00:00,117930.1,118523.7,117237.7,117842.1,3585153781.5656
1752969600000,2025-07-20,00:00:00,117842.1,118931,116455.6,117290.4,5443262790.2148
1753056000000,2025-07-21,00:00:00,117290.4,119750,116550,117393,9507535464.161
1753142400000,2025-07-22,00:00:00,117393,120321,116123,120043.6,10652097378.0711
1753228800000,2025-07-23,00:00:00,120043.6,120194.7,117300,118743.4,8785379685.382
1753315200000,2025-07-24,00:00:00,118743.4,119492.9,117050.1,118328,8170128915.1824
1753401600000,2025-07-25,00:00:00,118328,118440.3,114710,117616.3,14072213152.2643
1753488000000,2025-07-26,00:00:00,117616.3,118333.4,117150,117898.8,3090496061.0903
1753574400000,2025-07-27,00:00:00,117898.8,119784,117807.6,119429.9,4222716222.9388
1753660800000,2025-07-28,00:00:00,119429.9,119844.9,117401.5,118068.9,6543694249.1615
1753747200000,2025-07-29,00:00:00,118068.9,119300,116912.6,117923.3,7269144144.1485
1753833600000,2025-07-30,00:00:00,117923.3,118769,115738.1,117781.6,8021686642.2118
1753920000000,2025-07-31,00:00:00,117781.6,118900,115368.6,115680.1,8391336651.0345
1754006400000,2025-08-01,00:00:00,115680.1,115999.9,112692.8,113248.9,14084122220.9448
1754092800000,2025-08-02,00:00:00,113248.9,114011.4,111950,112518,6000839540.3472
1754179200000,2025-08-03,00:00:00,112518,114792.7,111870,114147.1,4115643381.3229
1754265600000,2025-08-04,00:00:00,114147.1,115682.8,114061.7,115006,6315040180.2667
1754352000000,2025-08-05,00:00:00,115006,115084.2,112577.7,114079.6,7619491310.614
1754438400000,2025-08-06,00:00:00,114079.6,115666.3,113300.2,114943,5901766160.0412
1754524800000,2025-08-07,00:00:00,114943,117560,114218,117399.9,8064153326.2354
1754611200000,2025-08-08,00:00:00,117399.9,117569.1,115854.2,116625.1,5151350974.327
1754697600000,2025-08-09,00:00:00,116625.1,117900,116288.2,116406.2,4783507285.0845
1754784000000,2025-08-10,00:00:00,116406.2,119433.6,116400,119271.8,8096598101.716
1754870400000,2025-08-11,00:00:00,119271.8,122421,117855.3,118679.2,14710600718.4285
1754956800000,2025-08-12,00:00:00,118679.2,120280,118150,120090.5,9443151955.1741
1755043200000,2025-08-13,00:00:00,120090.5,123742.2,118900.5,123348,13808475255.7597
1755129600000,2025-08-14,00:00:00,123348,124571.2,117117,118250.1,17194558754.68
1755216000000,2025-08-15,00:00:00,118250.1,119208,116719.3,117280.8,7774272029.9503
1755302400000,2025-08-16,00:00:00,117280.8,117857.2,117069.7,117327.7,2353885381.4166
1755388800000,2025-08-17,00:00:00,117327.7,118585.7,117101,117355.6,3135206490.8693
1755475200000,2025-08-18,00:00:00,117355.6,117509.6,114577.7,116168,8741279027.7609
1755561600000,2025-08-19,00:00:00,116168,116681.9,112673,112825.7,8978993339.618
1755648000000,2025-08-20,00:00:00,112825.7,114567,112286.8,114217.4,7491620715.3113
1755734400000,2025-08-21,00:00:00,114217.4,114783.7,111945.2,112462.7,6378201972.1353
1755820800000,2025-08-22,00:00:00,112462.7,117374.5,111618.8,116899.8,12721950201.5613
1755907200000,2025-08-23,00:00:00,116899.8,116998,114504.7,115404.8,4728428516.1333
1755993600000,2025-08-24,00:00:00,115404.8,115656.7,110551,113474.8,8758656007.8237
1756080000000,2025-08-25,00:00:00,113474.8,113649.9,109222.6,110069.7,12897034626.0128
1756166400000,2025-08-26,00:00:00,110069.7,112342.4,108669,111723.1,8564646582.9941
1756252800000,2025-08-27,00:00:00,111723.1,112589.9,110312.1,111184.3,7041197901.288
1756339200000,2025-08-28,00:00:00,111184.3,113433,110781.5,112511.4,6072404905.395
1756425600000,2025-08-29,00:00:00,112511.4,112616.4,107432.6,108355.3,10472992041.0793
1756512000000,2025-08-30,00:00:00,108355.3,108902.3,107300,108780.7,3170741496.3354
1756598400000,2025-08-31,00:00:00,108780.7,109444,108008.4,108200,3992088300.052
1756684800000,2025-09-01,00:00:00,108200,109872.8,107202,109191.8,8692075414.0429
1756771200000,2025-09-02,00:00:00,109191.8,111730,108320.7,111217.7,9721441871.8099
1756857600000,2025-09-03,00:00:00,111217.7,112557,110476.8,111661.8,6316051711.3976
1756944000000,2025-09-04,00:00:00,111661.8,112138.3,109276.7,110685.5,7710118807.6249
1757030400000,2025-09-05,00:00:00,110685.5,113369.4,110155,110623.1,12630914748.9483
1757116800000,2025-09-06,00:00:00,110623.1,111258,109888,110131.5,2468654868.1923
1757203200000,2025-09-07,00:00:00,110131.5,111558,110119.4,111086.7,2965607964.7189
1757289600000,2025-09-08,00:00:00,111086.7,112871.4,110555.3,112011.3,6294714859.1613
1757376000000,2025-09-09,00:00:00,112011.3,113238.1,110706.4,111500,8494580027.1653
1757462400000,2025-09-10,00:00:00,111500,114250,110865,113890,9075492974.0531
1757548800000,2025-09-11,00:00:00,113890,115446.1,113242,115440.1,8396306327.5991
1757635200000,2025-09-12,00:00:00,115440.1,116600,114700.8,115972,7781100450.7686
1757721600000,2025-09-13,00:00:00,115972,116222,114978.2,115849.6,4057725653.6809
1757808000000,2025-09-14,00:00:00,115849.6,116117.8,115060.1,115214.4,4010146895.5389
1757894400000,2025-09-15,00:00:00,115214.4,116761.3,114316.3,115315.6,8252364904.5225
1757980800000,2025-09-16,00:00:00,115315.6,116947.3,114688,116748.9,6800463305.4658
1758067200000,2025-09-17,00:00:00,116748.9,117239.5,114710,116400.2,10541255734.5695
1758153600000,2025-09-18,00:00:00,116400.2,117884,115980.1,117023.5,7387872992.2696
1758240000000,2025-09-19,00:00:00,117023.5,117417.6,115035,115572.9,5509973398.2838
1758326400000,2025-09-20,00:00:00,115572.9,116093.6,115360,115628.9,1948297585.0852
1758412800000,2025-09-21,00:00:00,115628.9,115779.6,115117.3,115173.4,2298064899.972
1758499200000,2025-09-22,00:00:00,115173.4,115340.2,111500,112600.7,10848173709.0775
1758585600000,2025-09-23,00:00:00,112600.7,113247.1,111350.7,111937.5,6525768993.8073
1758672000000,2025-09-24,00:00:00,111937.5,113900,110904.2,113255.5,6590348964.2148
1758758400000,2025-09-25,00:00:00,113255.5,113457.3,108560,108931.3,11802717919.1054
1758844800000,2025-09-26,00:00:00,108931.3,110255.6,108550,109592.1,6675006935.8026
1758931200000,2025-09-27,00:00:00,109592.1,109710.9,108988,109585.6,2134311314.1873
1759017600000,2025-09-28,00:00:00,109585.6,112345.9,109133.8,112133.5,4292526736.0286
1759104000000,2025-09-29,00:00:00,112133.5,114377.1,111487.2,114251.4,6954291890.8551
1759190400000,2025-09-30,00:00:00,114251.4,114825.7,112603.9,114013.8,7388036636.2683
1759276800000,2025-10-01,00:00:00,114013.8,118644,113913.8,118555.4,10553175047.8283
1759363200000,2025-10-02,00:00:00,118555.4,120994.2,118202.7,120484,11103877408.3046
1759449600000,2025-10-03,00:00:00,120484,123858.6,119160,122180.2,12422396698.3867
1759536000000,2025-10-04,00:00:00,122180.2,122767.7,121472.9,122359.3,4112513389.0964
1759622400000,2025-10-05,00:00:00,122359.3,125849.7,122082.6,123447.9,12782324346.6937
1759708800000,2025-10-06,00:00:00,123447.9,126150,122989.1,124606.1,11098359388.2216
1759795200000,2025-10-07,00:00:00,124606.1,125114.2,120545,121299.4,13691220315.4783
1759881600000,2025-10-08,00:00:00,121299.4,124162.5,121000,123245.3,9906313784.8777
1759968000000,2025-10-09,00:00:00,123245.3,123733.9,119574,121603,12340687990.9305
1760054400000,2025-10-10,00:00:00,121603,122490,101045.9,112732.5,30823235619.7927
1760140800000,2025-10-11,00:00:00,112732.5,113279.8,109453.4,110599.9,9840234817.8019
1760227200000,2025-10-12,00:00:00,110599.9,115749,109503.2,114908.5,11098022089.8836
1760313600000,2025-10-13,00:00:00,114908.5,115950.6,113526.4,115116.7,9258858960.1932
1760400000000,2025-10-14,00:00:00,115116.7,115370.5,109800,112972.1,15748346371.3643
1760486400000,2025-10-15,00:00:00,112972.1,113590,110072.8,110705.3,8760580999.0258
1760572800000,2025-10-16,00:00:00,110705.3,111962.3,107362.1,108137.8,12177700667.5062
1760659200000,2025-10-17,00:00:00,108137.8,109199.3,103437.4,106364.6,13951765885.9786
1760745600000,2025-10-18,00:00:00,106364.6,107476.5,106259.7,107122.2,3359823721.9074
1760832000000,2025-10-19,00:00:00,107122.2,109434.5,106060.3,108597.3,5840384470.4337
1760918400000,2025-10-20,00:00:00,108597.3,111692.3,107373.7,110490,9175813936.5231
1761004800000,2025-10-21,00:00:00,110490,114000,107412.1,108240.1,16772463376.3045
1761091200000,2025-10-22,00:00:00,108240.1,109273.7,106588,107522.8,11976513232.5975
1761177600000,2025-10-23,00:00:00,107522.8,111272.4,107456.7,110015,9125507437.6054
1761264000000,2025-10-24,00:00:00,110015,112162.2,109603.4,110964.7,8068187067.9421
1761350400000,2025-10-25,00:00:00,110964.7,111935.8,110618.8,111587.5,2786279495.0988
1761436800000,2025-10-26,00:00:00,111587.5,115583,111187.8,114498.3,5824603775.4948
1761523200000,2025-10-27,00:00:00,114498.3,116373.3,113777.3,114061.3,7442825748.1774
1761609600000,2025-10-28,00:00:00,114061.3,116060.5,112112,112836,10274663496.9362
1761696000000,2025-10-29,00:00:00,112836,113598,109056.2,109948.8,12051428902.3926
1761782400000,2025-10-30,00:00:00,109948.8,111571.9,106225,108261.7,13867481678.0516
1761868800000,2025-10-31,00:00:00,108261.7,111147,108223,109546.7,8755497030.9641
1761955200000,2025-11-01,00:00:00,109546.7,110537.2,109333,110046,2581267096.2161
1762041600000,2025-11-02,00:00:00,110046,111200,109433,110493.5,3308327413.6269
1762128000000,2025-11-03,00:00:00,110493.5,110721.3,105178.2,106536.4,10757467487.7205
1762214400000,2025-11-04,00:00:00,106536.4,107266.7,98888.1,101441.9,14680133468.3015
1762300800000,2025-11-05,00:00:00,101441.9,104500,98894.6,103835.2,8561084902.402
1762387200000,2025-11-06,00:00:00,103835.2,104167,100234.5,101296.2,8542232440.3892
1762473600000,2025-11-07,00:00:00,101296.2,104047.6,99201.8,103300.5,8859972918.0553
1762560000000,2025-11-08,00:00:00,103300.5,103378.7,101408.7,102268.6,3392570530.6397
1762646400000,2025-11-09,00:00:00,102268.6,105442.9,101237.3,104665,5801716222.1494
1762732800000,2025-11-10,00:00:00,104665,106634.8,104211.6,105969.5,6944143976.2515
1762819200000,2025-11-11,00:00:00,105969.5,107481,102420.5,103009.7,7698095427.9918
1762905600000,2025-11-12,00:00:00,103009.7,105316.9,100741.8,101595.6,8392838082.5122
1762992000000,2025-11-13,00:00:00,101595.6,104031.9,97931,99629,12435299046.9229
1763078400000,2025-11-14,00:00:00,99629,99901.5,93905.9,94533.3,13287580126.505
1763164800000,2025-11-15,00:00:00,94533.3,96777,94511.7,95559.1,4044063625.5384
1763251200000,2025-11-16,00:00:00,95559.1,96594.9,92920.1,94215.9,6190617229.3224
1763337600000,2025-11-17,00:00:00,94215.9,96046.2,91227.7,92171.4,10013438448.6502
1763424000000,2025-11-18,00:00:00,92171.4,93800,89243.1,92925,11464812842.9078
1763510400000,2025-11-19,00:00:00,92925,92950,88571.6,91509,10718621677.5788
1763596800000,2025-11-20,00:00:00,91509,93150,86050.2,86583,12767170396.1038
1763683200000,2025-11-21,00:00:00,86583,87460,80607.9,85097.1,18643595860.0622
1763769600000,2025-11-22,00:00:00,85097.1,85592.2,83457.5,84701.5,3864897678.9887
1763856000000,2025-11-23,00:00:00,84701.5,88082.9,84633,86802.8,5991818281.6141
1763942400000,2025-11-24,00:00:00,86802.8,89172.2,85211.1,88240.1,9909452145.943
1764028800000,2025-11-25,00:00:00,88240.1,88496,86050,87315.5,7501941698.7577
1764115200000,2025-11-26,00:00:00,87315.5,90649.9,86252.6,90427,7039830768.3615
1764201600000,2025-11-27,00:00:00,90427,91902.7,90025,91284.2,5180483368.6041
1764288000000,2025-11-28,00:00:00,91284.2,93081,90151.9,90845.7,6851200161.757
1764374400000,2025-11-29,00:00:00,90845.7,91128.9,90071.3,90766.9,2615283258.8713
1764460800000,2025-11-30,00:00:00,90766.9,91963.7,90285.5,90308.6,3051020766.102
1764547200000,2025-12-01,00:00:00,90308.6,90374.4,83755.3,86244.1,12226494980.1775
1764633600000,2025-12-02,00:00:00,86244.1,92298.9,86148.4,91241.7,9687855020.2577
1764720000000,2025-12-03,00:00:00,91241.7,94189.4,90945,93390.1,9564592813.9947
1764806400000,2025-12-04,00:00:00,93390.1,94058.1,90800,92031.8,6916419982.2989
1764892800000,2025-12-05,00:00:00,92031.8,92658.3,88002.1,89273.7,8370047917.5992
1764979200000,2025-12-06,00:00:00,89273.7,90234.6,88860,89185.4,2549057764.653
1765065600000,2025-12-07,00:00:00,89185.4,91726.2,87680,90335.4,5961899073.6526
1765152000000,2025-12-08,00:00:00,90335.4,92261.9,89567.7,90598,6267110493.8572
1765238400000,2025-12-09,00:00:00,90598,94550,89406.7,92636.1,8039570339.1685
1765324800000,2025-12-10,00:00:00,92636.1,94457.8,91484.6,91971.7,7169596459.7539
1765411200000,2025-12-11,00:00:00,91971.7,93544.9,89198.9,92483.7,8351200635.7011
1765497600000,2025-12-12,00:00:00,92483.7,92730,89416.7,90230.9,6296676792.8607
1765584000000,2025-12-13,00:00:00,90230.9,90589.8,89712.7,90186.4,1670043250.8859
1765670400000,2025-12-14,00:00:00,90186.4,90440.7,87521.9,88116,3967113576.7897
1765756800000,2025-12-15,00:00:00,88116,89986,85080,86391.7,8703412812.9388
1765843200000,2025-12-16,00:00:00,86391.7,88149.6,85222,87821.3,6971644830.1606
1765929600000,2025-12-17,00:00:00,87821.3,90341,85259.2,86197.3,10011867228.8304
1766016000000,2025-12-18,00:00:00,86197.3,86880.9,85810.2,86716.3,1282151069.9243
